transaction_id,user_id,card_number,amount,txn_status,timestamp,ip_address,current_latitude,current_longitude,current_country
T100000,U036,4051935252595755,200,APPROVED,2025-01-02T11:34:00Z,103.25.119.180,51.5074,-0.1278,UK
T100001,U039,4815501079858765,3000,DECLINED,2025-02-04T15:44:00Z,103.25.54.114,1.3521,103.8198,SG
T100002,U007,4478447589560231,800,APPROVED,2024-11-25T08:26:00Z,103.25.169.130,25.2048,55.2708,AE
T100003,U011,4654295713580010,1500,DECLINED,2025-01-31T06:46:00Z,103.25.199.37,35.6895,139.6917,JP
T100004,U006,4664355604898943,7500,APPROVED,2025-01-05T19:45:00Z,103.25.146.40,51.5074,-0.1278,UK
T100005,U043,4181966774569602,20,DECLINED,2025-01-01T18:08:00Z,103.25.169.130,40.7128,-74.006,US
T100006,U039,4815501079858765,3000,APPROVED,2025-02-06T23:29:00Z,103.25.221.102,1.3521,103.8198,SG
T100007,U003,4366733370117217,200,DECLINED,2025-01-19T05:21:00Z,103.25.169.130,25.2048,55.2708,AE
T100008,U024,4548650786649554,200,DECLINED,2024-12-10T08:20:00Z,103.25.7.237,25.2048,55.2708,AE
T100009,U020,4246962095041311,5000,DECLINED,2024-12-18T22:25:00Z,103.25.128.250,51.5074,-0.1278,UK
T100010,U029,4401542615062311,100,DECLINED,2024-12-16T20:50:00Z,103.25.40.144,43.6532,-79.3832,CA
T100011,U042,4242283032023707,7500,DECLINED,2025-01-10T19:40:00Z,103.25.5.217,35.6895,139.6917,JP
T100012,U021,4539790722675550,800,DECLINED,2024-11-24T16:46:00Z,103.25.199.37,28.6139,77.209,IN
T100013,U040,4550390080534426,1500,APPROVED,2025-02-15T08:58:00Z,103.25.69.8,1.3521,103.8198,SG
T100014,U003,4366733370117217,5000,DECLINED,2024-11-22T18:14:00Z,103.25.153.222,40.7128,-74.006,US
T100015,U048,4205006583423736,400,APPROVED,2024-12-13T22:47:00Z,103.25.69.8,40.7128,-74.006,US
T100016,U022,4184558821404666,50,APPROVED,2025-02-16T12:15:00Z,103.25.119.180,1.3521,103.8198,SG
T100017,U032,4840776366963157,5000,APPROVED,2024-12-16T10:20:00Z,103.25.128.250,43.6532,-79.3832,CA
T100018,U027,4798440738947356,3000,APPROVED,2025-01-20T03:04:00Z,103.25.221.102,-33.8688,151.2093,AU
T100019,U044,4295998851325494,100,DECLINED,2025-01-21T11:38:00Z,103.25.54.114,-33.8688,151.2093,AU
T100020,U015,4475012425495794,7500,DECLINED,2025-01-20T08:47:00Z,103.25.221.102,40.7128,-74.006,US
T100021,U012,4427777155944133,400,APPROVED,2024-12-31T18:19:00Z,103.25.54.114,-33.8688,151.2093,AU
T100022,U009,4539790670957684,400,DECLINED,2024-12-26T03:32:00Z,103.25.7.237,28.6139,77.209,IN
T100023,U027,4798440738947356,100,APPROVED,2024-12-17T15:45:00Z,103.25.210.19,25.2048,55.2708,AE
T100024,U006,4664355604898943,5000,APPROVED,2025-01-05T01:24:00Z,103.25.7.237,40.7128,-74.006,US
T100025,U002,4488447292387101,400,APPROVED,2024-12-17T01:01:00Z,103.25.146.40,43.6532,-79.3832,CA
T100026,U028,4564738488217210,7500,DECLINED,2024-11-23T10:19:00Z,103.25.40.144,25.2048,55.2708,AE
T100027,U003,4366733370117217,100,APPROVED,2025-01-02T06:43:00Z,103.25.7.237,40.7128,-74.006,US
T100028,U013,4201963422354037,50,APPROVED,2025-01-23T03:03:00Z,103.25.128.250,51.5074,-0.1278,UK
T100029,U041,4697537059781160,7500,APPROVED,2025-01-29T19:55:00Z,103.25.40.144,35.6895,139.6917,JP
T100030,U029,4401542615062311,200,DECLINED,2024-11-19T14:34:00Z,103.25.153.222,-33.8688,151.2093,AU
T100031,U008,4120041677504770,400,APPROVED,2024-11-20T23:18:00Z,103.25.199.37,40.7128,-74.006,US
T100032,U047,4819022541148375,10000,DECLINED,2024-12-15T07:29:00Z,103.25.85.49,43.6532,-79.3832,CA
T100033,U010,4019215168167574,10000,DECLINED,2025-01-11T23:24:00Z,103.25.128.250,1.3521,103.8198,SG
T100034,U033,4340687695756764,5000,DECLINED,2024-11-23T07:33:00Z,103.25.85.49,51.5074,-0.1278,UK
T100035,U004,4515326900120741,200,APPROVED,2025-01-19T23:05:00Z,103.25.199.37,43.6532,-79.3832,CA
T100036,U030,4052153612497166,7500,DECLINED,2025-02-17T00:53:00Z,103.25.210.19,1.3521,103.8198,SG
T100037,U032,4840776366963157,3000,APPROVED,2024-12-06T07:42:00Z,103.25.54.114,25.2048,55.2708,AE
T100038,U002,4488447292387101,20,DECLINED,2025-02-07T22:44:00Z,103.25.146.40,35.6895,139.6917,JP
T100039,U028,4564738488217210,50,APPROVED,2024-12-06T19:24:00Z,103.25.146.40,-33.8688,151.2093,AU
T100040,U013,4201963422354037,800,APPROVED,2024-12-15T17:54:00Z,103.25.199.37,40.7128,-74.006,US
T100041,U032,4840776366963157,5000,DECLINED,2024-11-28T11:58:00Z,103.25.119.180,25.2048,55.2708,AE
T100042,U027,4798440738947356,1500,DECLINED,2025-01-28T03:38:00Z,103.25.7.237,28.6139,77.209,IN
T100043,U047,4819022541148375,50,APPROVED,2025-02-11T06:32:00Z,103.25.40.144,28.6139,77.209,IN
T100044,U027,4798440738947356,3000,APPROVED,2025-01-07T17:17:00Z,103.25.69.8,51.5074,-0.1278,UK
T100045,U012,4427777155944133,400,APPROVED,2024-12-30T14:37:00Z,103.25.128.250,51.5074,-0.1278,UK
T100046,U002,4488447292387101,50,DECLINED,2024-12-30T04:22:00Z,103.25.153.222,43.6532,-79.3832,CA
T100047,U026,4597591669186023,3000,APPROVED,2025-01-14T00:15:00Z,103.25.221.102,25.2048,55.2708,AE
T100048,U013,4201963422354037,50,APPROVED,2025-02-05T07:19:00Z,103.25.7.237,25.2048,55.2708,AE
T100049,U011,4654295713580010,20,APPROVED,2025-02-07T14:11:00Z,103.25.69.8,-33.8688,151.2093,AU
T100050,U026,4597591669186023,400,APPROVED,2025-02-04T16:50:00Z,103.25.210.19,1.3521,103.8198,SG
T100051,U007,4478447589560231,20,APPROVED,2025-02-06T19:18:00Z,103.25.169.130,28.6139,77.209,IN
T100052,U021,4539790722675550,400,APPROVED,2025-02-08T07:46:00Z,103.25.210.19,35.6895,139.6917,JP
T100053,U043,4181966774569602,20,APPROVED,2025-01-09T23:15:00Z,103.25.199.37,43.6532,-79.3832,CA
T100054,U002,4488447292387101,7500,APPROVED,2025-01-18T22:31:00Z,103.25.69.8,35.6895,139.6917,JP
T100055,U022,4184558821404666,3000,APPROVED,2025-02-03T01:01:00Z,103.25.210.19,51.5074,-0.1278,UK
T100056,U025,4377140791788260,100,APPROVED,2025-01-14T08:44:00Z,103.25.119.180,-33.8688,151.2093,AU
T100057,U003,4366733370117217,7500,APPROVED,2025-01-14T19:50:00Z,103.25.169.130,1.3521,103.8198,SG
T100058,U014,4610176326755020,7500,DECLINED,2025-01-31T02:34:00Z,103.25.128.250,28.6139,77.209,IN
T100059,U032,4840776366963157,20,APPROVED,2025-02-07T06:44:00Z,103.25.128.250,35.6895,139.6917,JP
T100060,U039,4815501079858765,400,DECLINED,2024-11-22T22:00:00Z,103.25.5.217,1.3521,103.8198,SG
T100061,U009,4539790670957684,3000,DECLINED,2024-12-18T01:02:00Z,103.25.40.144,1.3521,103.8198,SG
T100062,U018,4813461910159710,20,APPROVED,2025-02-16T23:46:00Z,103.25.40.144,51.5074,-0.1278,UK
T100063,U049,4590944761272304,5000,DECLINED,2024-12-11T02:55:00Z,103.25.40.144,28.6139,77.209,IN
T100064,U034,4167851668553255,100,APPROVED,2025-01-28T20:48:00Z,103.25.48.27,-33.8688,151.2093,AU
T100065,U027,4798440738947356,100,APPROVED,2024-11-21T23:29:00Z,103.25.221.102,25.2048,55.2708,AE
T100066,U001,4175959888374840,3000,DECLINED,2025-01-11T02:14:00Z,103.25.146.40,28.6139,77.209,IN
T100067,U031,4506132098000719,7500,APPROVED,2025-01-30T20:10:00Z,103.25.5.217,28.6139,77.209,IN
T100068,U034,4167851668553255,50,DECLINED,2025-01-11T21:38:00Z,103.25.146.40,28.6139,77.209,IN
T100069,U023,4014557409669569,7500,DECLINED,2025-01-29T23:33:00Z,103.25.153.222,43.6532,-79.3832,CA
T100070,U020,4246962095041311,1500,APPROVED,2025-01-05T04:28:00Z,103.25.119.180,28.6139,77.209,IN
T100071,U019,4076757405958878,1500,APPROVED,2024-11-22T01:38:00Z,103.25.169.130,1.3521,103.8198,SG
T100072,U024,4548650786649554,400,DECLINED,2025-01-07T09:50:00Z,103.25.5.217,1.3521,103.8198,SG
T100073,U041,4697537059781160,200,APPROVED,2025-01-14T12:37:00Z,103.25.69.8,-33.8688,151.2093,AU
T100074,U042,4242283032023707,5000,APPROVED,2024-12-15T00:40:00Z,103.25.40.144,25.2048,55.2708,AE
T100075,U013,4201963422354037,400,APPROVED,2025-02-01T08:52:00Z,103.25.146.40,35.6895,139.6917,JP
T100076,U022,4184558821404666,400,DECLINED,2025-02-15T15:55:00Z,103.25.210.19,-33.8688,151.2093,AU
T100077,U037,4364849359031879,3000,APPROVED,2025-02-14T01:21:00Z,103.25.85.49,51.5074,-0.1278,UK
T100078,U006,4664355604898943,800,DECLINED,2025-01-21T01:18:00Z,103.25.128.250,43.6532,-79.3832,CA
T100079,U011,4654295713580010,20,APPROVED,2024-12-02T05:09:00Z,103.25.85.49,51.5074,-0.1278,UK
T100080,U020,4246962095041311,10000,DECLINED,2025-01-31T01:48:00Z,103.25.169.130,35.6895,139.6917,JP
T100081,U009,4539790670957684,3000,DECLINED,2024-12-14T23:49:00Z,103.25.221.102,-33.8688,151.2093,AU
T100082,U008,4120041677504770,7500,DECLINED,2024-12-03T07:28:00Z,103.25.199.37,51.5074,-0.1278,UK
T100083,U004,4515326900120741,50,APPROVED,2025-01-24T20:00:00Z,103.25.48.27,-33.8688,151.2093,AU
T100084,U012,4427777155944133,10000,DECLINED,2024-11-22T04:09:00Z,103.25.210.19,35.6895,139.6917,JP
T100085,U020,4246962095041311,400,APPROVED,2025-02-04T07:44:00Z,103.25.169.130,40.7128,-74.006,US
T100086,U034,4167851668553255,20,APPROVED,2025-01-03T18:21:00Z,103.25.7.237,35.6895,139.6917,JP
T100087,U019,4076757405958878,100,DECLINED,2025-02-02T09:16:00Z,103.25.48.27,1.3521,103.8198,SG
T100088,U007,4478447589560231,200,DECLINED,2025-02-14T06:44:00Z,103.25.48.27,43.6532,-79.3832,CA
T100089,U005,4053600451708255,5000,APPROVED,2024-12-22T03:35:00Z,103.25.153.222,-33.8688,151.2093,AU
T100090,U035,4360173834839976,5000,DECLINED,2024-11-26T00:47:00Z,103.25.153.222,43.6532,-79.3832,CA
T100091,U018,4813461910159710,10000,APPROVED,2024-12-16T08:18:00Z,103.25.40.144,-33.8688,151.2093,AU
T100092,U048,4205006583423736,1500,DECLINED,2024-12-27T01:31:00Z,103.25.128.250,35.6895,139.6917,JP
T100093,U033,4340687695756764,10000,DECLINED,2024-11-28T01:29:00Z,103.25.128.250,-33.8688,151.2093,AU
T100094,U032,4840776366963157,20,APPROVED,2025-01-27T03:59:00Z,103.25.54.114,40.7128,-74.006,US
T100095,U006,4664355604898943,7500,DECLINED,2024-12-31T23:22:00Z,103.25.128.250,25.2048,55.2708,AE
T100096,U043,4181966774569602,5000,APPROVED,2025-01-20T08:29:00Z,103.25.210.19,40.7128,-74.006,US
T100097,U026,4597591669186023,800,DECLINED,2025-02-14T03:45:00Z,103.25.7.237,25.2048,55.2708,AE
T100098,U045,4810476985595924,50,DECLINED,2025-01-31T14:31:00Z,103.25.54.114,51.5074,-0.1278,UK
T100099,U016,4178998680079906,5000,APPROVED,2025-01-18T21:21:00Z,103.25.210.19,25.2048,55.2708,AE
T100100,U029,4401542615062311,7500,APPROVED,2024-11-23T21:52:00Z,103.25.153.222,40.7128,-74.006,US
T100101,U038,4332810388695264,400,DECLINED,2025-02-09T22:31:00Z,103.25.153.222,40.7128,-74.006,US
T100102,U021,4539790722675550,800,DECLINED,2025-01-26T19:31:00Z,103.25.199.37,28.6139,77.209,IN
T100103,U021,4539790722675550,50,DECLINED,2024-12-21T11:02:00Z,103.25.169.130,43.6532,-79.3832,CA
T100104,U042,4242283032023707,20,DECLINED,2024-12-10T18:00:00Z,103.25.48.27,43.6532,-79.3832,CA
T100105,U001,4175959888374840,10000,APPROVED,2024-11-20T12:54:00Z,103.25.210.19,-33.8688,151.2093,AU
T100106,U039,4815501079858765,800,APPROVED,2024-11-28T21:33:00Z,103.25.5.217,35.6895,139.6917,JP
T100107,U001,4175959888374840,5000,DECLINED,2024-11-21T10:01:00Z,103.25.69.8,1.3521,103.8198,SG
T100108,U040,4550390080534426,5000,DECLINED,2025-01-12T18:01:00Z,103.25.128.250,1.3521,103.8198,SG
T100109,U011,4654295713580010,800,DECLINED,2024-11-24T05:02:00Z,103.25.40.144,25.2048,55.2708,AE
T100110,U030,4052153612497166,1500,DECLINED,2024-11-30T06:23:00Z,103.25.119.180,43.6532,-79.3832,CA
T100111,U004,4515326900120741,200,APPROVED,2024-11-20T13:20:00Z,103.25.40.144,40.7128,-74.006,US
T100112,U013,4201963422354037,50,DECLINED,2024-12-28T03:20:00Z,103.25.128.250,51.5074,-0.1278,UK
T100113,U001,4175959888374840,3000,DECLINED,2024-11-26T08:06:00Z,103.25.48.27,25.2048,55.2708,AE
T100114,U009,4539790670957684,200,APPROVED,2024-12-18T08:43:00Z,103.25.210.19,43.6532,-79.3832,CA
T100115,U022,4184558821404666,200,APPROVED,2025-01-15T11:08:00Z,103.25.7.237,28.6139,77.209,IN
T100116,U008,4120041677504770,20,APPROVED,2024-11-29T15:16:00Z,103.25.221.102,-33.8688,151.2093,AU
T100117,U022,4184558821404666,10000,DECLINED,2025-02-11T21:42:00Z,103.25.85.49,-33.8688,151.2093,AU
T100118,U029,4401542615062311,400,APPROVED,2025-01-08T10:16:00Z,103.25.210.19,35.6895,139.6917,JP
T100119,U043,4181966774569602,3000,DECLINED,2025-01-21T17:34:00Z,103.25.146.40,-33.8688,151.2093,AU
T100120,U012,4427777155944133,200,DECLINED,2025-01-28T14:08:00Z,103.25.69.8,35.6895,139.6917,JP
T100121,U003,4366733370117217,100,DECLINED,2024-12-28T01:09:00Z,103.25.169.130,1.3521,103.8198,SG
T100122,U011,4654295713580010,400,APPROVED,2025-02-14T22:58:00Z,103.25.69.8,28.6139,77.209,IN
T100123,U038,4332810388695264,50,APPROVED,2024-12-07T10:35:00Z,103.25.199.37,43.6532,-79.3832,CA
T100124,U041,4697537059781160,800,DECLINED,2025-01-10T09:45:00Z,103.25.5.217,43.6532,-79.3832,CA
T100125,U012,4427777155944133,20,DECLINED,2024-12-31T13:25:00Z,103.25.54.114,-33.8688,151.2093,AU
T100126,U007,4478447589560231,800,DECLINED,2024-12-02T08:16:00Z,103.25.54.114,40.7128,-74.006,US
T100127,U011,4654295713580010,100,APPROVED,2024-11-24T01:44:00Z,103.25.5.217,43.6532,-79.3832,CA
T100128,U008,4120041677504770,10000,APPROVED,2024-11-21T19:36:00Z,103.25.85.49,51.5074,-0.1278,UK
T100129,U029,4401542615062311,100,APPROVED,2024-12-14T07:13:00Z,103.25.169.130,25.2048,55.2708,AE
T100130,U014,4610176326755020,200,DECLINED,2025-02-12T04:19:00Z,103.25.153.222,43.6532,-79.3832,CA
T100131,U005,4053600451708255,100,APPROVED,2024-11-26T02:09:00Z,103.25.153.222,25.2048,55.2708,AE
T100132,U036,4051935252595755,200,APPROVED,2024-12-18T10:08:00Z,103.25.153.222,-33.8688,151.2093,AU
T100133,U043,4181966774569602,1500,DECLINED,2024-12-06T21:08:00Z,103.25.153.222,51.5074,-0.1278,UK
T100134,U003,4366733370117217,10000,APPROVED,2025-01-12T13:23:00Z,103.25.199.37,-33.8688,151.2093,AU
T100135,U006,4664355604898943,800,APPROVED,2025-01-23T02:00:00Z,103.25.69.8,1.3521,103.8198,SG
T100136,U032,4840776366963157,50,DECLINED,2025-01-10T09:08:00Z,103.25.54.114,40.7128,-74.006,US
T100137,U012,4427777155944133,50,APPROVED,2024-11-20T10:05:00Z,103.25.146.40,43.6532,-79.3832,CA
T100138,U022,4184558821404666,7500,APPROVED,2024-12-19T21:07:00Z,103.25.169.130,43.6532,-79.3832,CA
T100139,U019,4076757405958878,7500,DECLINED,2024-11-26T01:47:00Z,103.25.210.19,43.6532,-79.3832,CA
T100140,U013,4201963422354037,7500,DECLINED,2025-01-01T23:18:00Z,103.25.69.8,1.3521,103.8198,SG
T100141,U006,4664355604898943,20,DECLINED,2025-02-15T04:16:00Z,103.25.146.40,-33.8688,151.2093,AU
T100142,U049,4590944761272304,20,APPROVED,2025-02-04T15:31:00Z,103.25.153.222,28.6139,77.209,IN
T100143,U004,4515326900120741,400,APPROVED,2024-12-01T10:58:00Z,103.25.169.130,35.6895,139.6917,JP
T100144,U012,4427777155944133,1500,APPROVED,2025-01-03T02:55:00Z,103.25.210.19,43.6532,-79.3832,CA
T100145,U038,4332810388695264,400,DECLINED,2024-11-20T21:48:00Z,103.25.128.250,43.6532,-79.3832,CA
T100146,U001,4175959888374840,50,APPROVED,2025-02-10T06:35:00Z,103.25.153.222,51.5074,-0.1278,UK
T100147,U022,4184558821404666,5000,DECLINED,2025-01-28T01:29:00Z,103.25.221.102,1.3521,103.8198,SG
T100148,U005,4053600451708255,5000,DECLINED,2024-12-04T08:48:00Z,103.25.5.217,-33.8688,151.2093,AU
T100149,U047,4819022541148375,50,APPROVED,2024-12-11T03:08:00Z,103.25.40.144,25.2048,55.2708,AE
T100150,U037,4364849359031879,5000,APPROVED,2025-01-03T01:45:00Z,103.25.153.222,51.5074,-0.1278,UK
T100151,U039,4815501079858765,100,APPROVED,2025-01-11T20:33:00Z,103.25.210.19,51.5074,-0.1278,UK
T100152,U002,4488447292387101,20,APPROVED,2024-12-31T22:25:00Z,103.25.199.37,28.6139,77.209,IN
T100153,U019,4076757405958878,1500,APPROVED,2024-12-08T01:14:00Z,103.25.40.144,40.7128,-74.006,US
T100154,U027,4798440738947356,20,APPROVED,2025-01-14T05:51:00Z,103.25.7.237,35.6895,139.6917,JP
T100155,U018,4813461910159710,50,DECLINED,2025-01-30T21:25:00Z,103.25.54.114,40.7128,-74.006,US
T100156,U022,4184558821404666,20,DECLINED,2024-12-08T15:25:00Z,103.25.48.27,51.5074,-0.1278,UK
T100157,U009,4539790670957684,3000,APPROVED,2024-12-24T17:59:00Z,103.25.221.102,-33.8688,151.2093,AU
T100158,U017,4968872379444174,3000,APPROVED,2024-12-12T02:47:00Z,103.25.128.250,43.6532,-79.3832,CA
T100159,U031,4506132098000719,7500,DECLINED,2024-12-03T11:28:00Z,103.25.48.27,51.5074,-0.1278,UK
T100160,U030,4052153612497166,200,APPROVED,2025-01-29T15:19:00Z,103.25.199.37,43.6532,-79.3832,CA
T100161,U032,4840776366963157,20,DECLINED,2025-01-12T11:36:00Z,103.25.221.102,-33.8688,151.2093,AU
T100162,U005,4053600451708255,20,DECLINED,2024-12-17T15:27:00Z,103.25.128.250,40.7128,-74.006,US
T100163,U024,4548650786649554,7500,APPROVED,2025-01-10T07:37:00Z,103.25.119.180,1.3521,103.8198,SG
T100164,U031,4506132098000719,400,APPROVED,2024-12-03T04:20:00Z,103.25.48.27,43.6532,-79.3832,CA
T100165,U013,4201963422354037,20,DECLINED,2025-02-01T19:46:00Z,103.25.85.49,43.6532,-79.3832,CA
T100166,U010,4019215168167574,50,DECLINED,2025-01-30T11:35:00Z,103.25.7.237,25.2048,55.2708,AE
T100167,U050,4670568901956800,800,APPROVED,2024-12-11T16:05:00Z,103.25.119.180,40.7128,-74.006,US
T100168,U034,4167851668553255,50,APPROVED,2025-01-08T22:21:00Z,103.25.199.37,-33.8688,151.2093,AU
T100169,U031,4506132098000719,1500,DECLINED,2024-11-24T15:27:00Z,103.25.210.19,25.2048,55.2708,AE
T100170,U023,4014557409669569,400,APPROVED,2024-12-17T12:59:00Z,103.25.40.144,25.2048,55.2708,AE
T100171,U038,4332810388695264,50,DECLINED,2024-12-20T09:12:00Z,103.25.146.40,1.3521,103.8198,SG
T100172,U042,4242283032023707,20,APPROVED,2025-01-23T23:10:00Z,103.25.85.49,1.3521,103.8198,SG
T100173,U037,4364849359031879,7500,DECLINED,2025-01-25T03:17:00Z,103.25.5.217,51.5074,-0.1278,UK
T100174,U040,4550390080534426,200,DECLINED,2024-12-16T17:26:00Z,103.25.54.114,-33.8688,151.2093,AU
T100175,U039,4815501079858765,1500,DECLINED,2024-11-25T16:21:00Z,103.25.7.237,1.3521,103.8198,SG
T100176,U031,4506132098000719,100,DECLINED,2025-01-28T16:03:00Z,103.25.54.114,1.3521,103.8198,SG
T100177,U027,4798440738947356,1500,APPROVED,2025-01-21T08:48:00Z,103.25.69.8,51.5074,-0.1278,UK
T100178,U029,4401542615062311,400,DECLINED,2024-12-08T12:52:00Z,103.25.199.37,35.6895,139.6917,JP
T100179,U047,4819022541148375,400,DECLINED,2025-02-09T12:24:00Z,103.25.210.19,35.6895,139.6917,JP
T100180,U029,4401542615062311,400,APPROVED,2024-11-25T15:55:00Z,103.25.5.217,51.5074,-0.1278,UK
T100181,U033,4340687695756764,100,DECLINED,2025-01-06T00:05:00Z,103.25.221.102,51.5074,-0.1278,UK
T100182,U015,4475012425495794,200,DECLINED,2024-12-07T20:12:00Z,103.25.153.222,28.6139,77.209,IN
T100183,U031,4506132098000719,100,APPROVED,2025-01-11T09:21:00Z,103.25.199.37,25.2048,55.2708,AE
T100184,U009,4539790670957684,20,APPROVED,2024-11-20T14:24:00Z,103.25.210.19,40.7128,-74.006,US
T100185,U016,4178998680079906,10000,DECLINED,2025-02-06T03:47:00Z,103.25.128.250,28.6139,77.209,IN
T100186,U038,4332810388695264,5000,APPROVED,2025-01-25T21:27:00Z,103.25.221.102,35.6895,139.6917,JP
T100187,U013,4201963422354037,100,DECLINED,2024-11-26T12:09:00Z,103.25.210.19,25.2048,55.2708,AE
T100188,U006,4664355604898943,5000,APPROVED,2024-12-15T07:36:00Z,103.25.128.250,51.5074,-0.1278,UK
T100189,U010,4019215168167574,400,APPROVED,2025-01-17T11:28:00Z,103.25.146.40,-33.8688,151.2093,AU
T100190,U030,4052153612497166,20,APPROVED,2025-02-08T11:03:00Z,103.25.169.130,43.6532,-79.3832,CA
T100191,U030,4052153612497166,800,DECLINED,2025-01-18T08:35:00Z,103.25.210.19,1.3521,103.8198,SG
T100192,U018,4813461910159710,200,APPROVED,2025-02-14T01:03:00Z,103.25.210.19,25.2048,55.2708,AE
T100193,U043,4181966774569602,200,DECLINED,2025-01-26T21:07:00Z,103.25.146.40,51.5074,-0.1278,UK
T100194,U018,4813461910159710,50,APPROVED,2024-12-15T20:19:00Z,103.25.5.217,1.3521,103.8198,SG
T100195,U050,4670568901956800,100,APPROVED,2025-02-13T14:48:00Z,103.25.7.237,43.6532,-79.3832,CA
T100196,U022,4184558821404666,1500,DECLINED,2024-11-29T05:35:00Z,103.25.221.102,25.2048,55.2708,AE
T100197,U026,4597591669186023,5000,DECLINED,2025-02-01T07:31:00Z,103.25.54.114,1.3521,103.8198,SG
T100198,U036,4051935252595755,3000,DECLINED,2024-11-20T11:05:00Z,103.25.85.49,51.5074,-0.1278,UK
T100199,U027,4798440738947356,800,DECLINED,2024-12-21T23:08:00Z,103.25.153.222,28.6139,77.209,IN
T100200,U025,4377140791788260,3000,DECLINED,2024-11-24T07:06:00Z,103.25.169.130,43.6532,-79.3832,CA
T100201,U044,4295998851325494,3000,APPROVED,2024-12-20T04:29:00Z,103.25.40.144,25.2048,55.2708,AE
T100202,U023,4014557409669569,10000,DECLINED,2024-12-31T17:24:00Z,103.25.146.40,28.6139,77.209,IN
T100203,U045,4810476985595924,100,DECLINED,2025-01-30T11:00:00Z,103.25.54.114,40.7128,-74.006,US
T100204,U022,4184558821404666,3000,DECLINED,2024-12-29T23:33:00Z,103.25.210.19,25.2048,55.2708,AE
T100205,U016,4178998680079906,3000,APPROVED,2024-12-26T21:15:00Z,103.25.5.217,-33.8688,151.2093,AU
T100206,U005,4053600451708255,50,DECLINED,2025-02-15T03:24:00Z,103.25.153.222,25.2048,55.2708,AE
T100207,U033,4340687695756764,400,APPROVED,2025-02-16T11:48:00Z,103.25.119.180,28.6139,77.209,IN
T100208,U024,4548650786649554,1500,DECLINED,2025-02-11T13:05:00Z,103.25.146.40,28.6139,77.209,IN
T100209,U022,4184558821404666,1500,APPROVED,2025-02-01T06:39:00Z,103.25.40.144,40.7128,-74.006,US
T100210,U008,4120041677504770,10000,DECLINED,2024-12-21T12:34:00Z,103.25.54.114,35.6895,139.6917,JP
T100211,U027,4798440738947356,200,DECLINED,2025-02-06T01:48:00Z,103.25.153.222,28.6139,77.209,IN
T100212,U032,4840776366963157,200,DECLINED,2024-12-08T21:48:00Z,103.25.119.180,1.3521,103.8198,SG
T100213,U001,4175959888374840,3000,DECLINED,2024-11-20T23:34:00Z,103.25.128.250,28.6139,77.209,IN
T100214,U010,4019215168167574,1500,APPROVED,2024-12-31T23:11:00Z,103.25.146.40,51.5074,-0.1278,UK
T100215,U035,4360173834839976,3000,APPROVED,2024-12-09T19:10:00Z,103.25.146.40,35.6895,139.6917,JP
T100216,U026,4597591669186023,200,APPROVED,2025-01-11T19:24:00Z,103.25.199.37,28.6139,77.209,IN
T100217,U042,4242283032023707,100,DECLINED,2024-11-27T09:50:00Z,103.25.210.19,28.6139,77.209,IN
T100218,U001,4175959888374840,7500,DECLINED,2024-12-06T19:55:00Z,103.25.210.19,1.3521,103.8198,SG
T100219,U034,4167851668553255,7500,DECLINED,2024-12-28T10:09:00Z,103.25.146.40,51.5074,-0.1278,UK
T100220,U050,4670568901956800,400,APPROVED,2025-01-24T12:26:00Z,103.25.128.250,28.6139,77.209,IN
T100221,U015,4475012425495794,20,DECLINED,2024-12-30T22:49:00Z,103.25.40.144,35.6895,139.6917,JP
T100222,U001,4175959888374840,20,APPROVED,2025-02-01T12:29:00Z,103.25.199.37,35.6895,139.6917,JP
T100223,U038,4332810388695264,1500,DECLINED,2024-11-23T02:29:00Z,103.25.40.144,28.6139,77.209,IN
T100224,U010,4019215168167574,20,DECLINED,2024-12-12T22:43:00Z,103.25.128.250,1.3521,103.8198,SG
T100225,U044,4295998851325494,200,DECLINED,2024-12-08T22:03:00Z,103.25.48.27,40.7128,-74.006,US
T100226,U002,4488447292387101,1500,APPROVED,2024-12-21T10:54:00Z,103.25.128.250,43.6532,-79.3832,CA
T100227,U004,4515326900120741,7500,DECLINED,2025-02-12T00:22:00Z,103.25.85.49,35.6895,139.6917,JP
T100228,U011,4654295713580010,1500,APPROVED,2024-11-29T22:41:00Z,103.25.153.222,51.5074,-0.1278,UK
T100229,U050,4670568901956800,1500,DECLINED,2024-11-21T22:08:00Z,103.25.54.114,51.5074,-0.1278,UK
T100230,U009,4539790670957684,1500,APPROVED,2025-01-23T02:44:00Z,103.25.169.130,51.5074,-0.1278,UK
T100231,U044,4295998851325494,3000,DECLINED,2025-02-12T19:13:00Z,103.25.221.102,1.3521,103.8198,SG
T100232,U013,4201963422354037,10000,APPROVED,2025-02-06T08:43:00Z,103.25.119.180,28.6139,77.209,IN
T100233,U001,4175959888374840,5000,APPROVED,2024-12-03T09:05:00Z,103.25.48.27,40.7128,-74.006,US
T100234,U045,4810476985595924,10000,DECLINED,2025-02-03T05:48:00Z,103.25.146.40,51.5074,-0.1278,UK
T100235,U018,4813461910159710,800,APPROVED,2024-12-22T10:57:00Z,103.25.119.180,28.6139,77.209,IN
T100236,U015,4475012425495794,1500,APPROVED,2024-12-21T23:19:00Z,103.25.5.217,25.2048,55.2708,AE
T100237,U015,4475012425495794,3000,APPROVED,2025-02-10T05:13:00Z,103.25.153.222,40.7128,-74.006,US
T100238,U045,4810476985595924,800,APPROVED,2025-02-10T01:00:00Z,103.25.199.37,28.6139,77.209,IN
T100239,U016,4178998680079906,7500,DECLINED,2025-01-15T13:43:00Z,103.25.199.37,51.5074,-0.1278,UK
T100240,U025,4377140791788260,50,APPROVED,2024-12-11T20:06:00Z,103.25.69.8,-33.8688,151.2093,AU
T100241,U011,4654295713580010,200,DECLINED,2025-01-07T08:21:00Z,103.25.221.102,-33.8688,151.2093,AU
T100242,U012,4427777155944133,200,DECLINED,2025-01-11T17:34:00Z,103.25.221.102,35.6895,139.6917,JP
T100243,U027,4798440738947356,3000,DECLINED,2024-12-21T17:25:00Z,103.25.40.144,1.3521,103.8198,SG
T100244,U039,4815501079858765,400,APPROVED,2024-11-21T02:53:00Z,103.25.119.180,43.6532,-79.3832,CA
T100245,U041,4697537059781160,400,DECLINED,2025-02-01T14:00:00Z,103.25.5.217,-33.8688,151.2093,AU
T100246,U017,4968872379444174,7500,APPROVED,2025-02-12T21:52:00Z,103.25.54.114,-33.8688,151.2093,AU
T100247,U019,4076757405958878,10000,DECLINED,2025-02-08T23:30:00Z,103.25.128.250,35.6895,139.6917,JP
T100248,U044,4295998851325494,20,APPROVED,2024-12-19T04:50:00Z,103.25.119.180,28.6139,77.209,IN
T100249,U015,4475012425495794,1500,DECLINED,2025-02-05T23:15:00Z,103.25.153.222,43.6532,-79.3832,CA
T100250,U045,4810476985595924,5000,APPROVED,2024-11-29T19:42:00Z,103.25.199.37,51.5074,-0.1278,UK
T100251,U012,4427777155944133,1500,APPROVED,2025-02-12T10:29:00Z,103.25.128.250,43.6532,-79.3832,CA
T100252,U018,4813461910159710,20,APPROVED,2025-01-07T19:41:00Z,103.25.69.8,51.5074,-0.1278,UK
T100253,U046,4619564727448964,20,DECLINED,2024-11-23T20:14:00Z,103.25.85.49,28.6139,77.209,IN
T100254,U030,4052153612497166,10000,DECLINED,2025-01-06T15:51:00Z,103.25.69.8,1.3521,103.8198,SG
T100255,U024,4548650786649554,100,DECLINED,2025-01-27T04:07:00Z,103.25.128.250,40.7128,-74.006,US
T100256,U028,4564738488217210,5000,APPROVED,2024-11-21T09:28:00Z,103.25.40.144,28.6139,77.209,IN
T100257,U040,4550390080534426,200,APPROVED,2024-12-29T22:01:00Z,103.25.48.27,51.5074,-0.1278,UK
T100258,U003,4366733370117217,800,APPROVED,2025-01-28T17:26:00Z,103.25.119.180,51.5074,-0.1278,UK
T100259,U050,4670568901956800,800,DECLINED,2025-01-16T09:14:00Z,103.25.199.37,35.6895,139.6917,JP
T100260,U016,4178998680079906,10000,APPROVED,2025-01-14T02:26:00Z,103.25.7.237,28.6139,77.209,IN
T100261,U043,4181966774569602,1500,DECLINED,2024-12-09T00:45:00Z,103.25.40.144,25.2048,55.2708,AE
T100262,U013,4201963422354037,50,APPROVED,2024-11-22T18:42:00Z,103.25.169.130,35.6895,139.6917,JP
T100263,U038,4332810388695264,400,DECLINED,2024-12-23T11:35:00Z,103.25.153.222,25.2048,55.2708,AE
T100264,U047,4819022541148375,400,APPROVED,2025-01-26T13:02:00Z,103.25.169.130,28.6139,77.209,IN
T100265,U008,4120041677504770,200,DECLINED,2024-11-20T21:59:00Z,103.25.128.250,1.3521,103.8198,SG
T100266,U017,4968872379444174,400,DECLINED,2024-11-26T00:48:00Z,103.25.128.250,1.3521,103.8198,SG
T100267,U012,4427777155944133,7500,APPROVED,2024-12-13T07:53:00Z,103.25.69.8,43.6532,-79.3832,CA
T100268,U037,4364849359031879,50,APPROVED,2024-12-17T23:29:00Z,103.25.153.222,28.6139,77.209,IN
T100269,U018,4813461910159710,50,APPROVED,2025-02-17T19:58:00Z,103.25.169.130,-33.8688,151.2093,AU
T100270,U028,4564738488217210,20,DECLINED,2024-11-23T13:14:00Z,103.25.210.19,35.6895,139.6917,JP
T100271,U044,4295998851325494,10000,DECLINED,2024-11-22T06:23:00Z,103.25.221.102,40.7128,-74.006,US
T100272,U038,4332810388695264,20,DECLINED,2024-11-24T21:23:00Z,103.25.221.102,25.2048,55.2708,AE
T100273,U008,4120041677504770,10000,DECLINED,2024-11-23T06:51:00Z,103.25.199.37,51.5074,-0.1278,UK
T100274,U019,4076757405958878,20,APPROVED,2025-02-06T08:54:00Z,103.25.146.40,35.6895,139.6917,JP
T100275,U003,4366733370117217,3000,DECLINED,2025-01-12T16:43:00Z,103.25.48.27,28.6139,77.209,IN
T100276,U030,4052153612497166,800,APPROVED,2024-11-25T00:01:00Z,103.25.119.180,28.6139,77.209,IN
T100277,U028,4564738488217210,800,DECLINED,2024-11-30T13:56:00Z,103.25.7.237,28.6139,77.209,IN
T100278,U005,4053600451708255,200,DECLINED,2025-01-15T15:08:00Z,103.25.210.19,43.6532,-79.3832,CA
T100279,U013,4201963422354037,400,APPROVED,2025-01-13T10:47:00Z,103.25.153.222,1.3521,103.8198,SG
T100280,U023,4014557409669569,400,DECLINED,2024-12-12T10:59:00Z,103.25.199.37,25.2048,55.2708,AE
T100281,U022,4184558821404666,800,DECLINED,2025-01-20T14:22:00Z,103.25.54.114,25.2048,55.2708,AE
T100282,U025,4377140791788260,800,DECLINED,2025-01-23T03:16:00Z,103.25.128.250,25.2048,55.2708,AE
T100283,U017,4968872379444174,50,APPROVED,2024-12-10T16:48:00Z,103.25.146.40,28.6139,77.209,IN
T100284,U023,4014557409669569,1500,DECLINED,2024-12-02T06:01:00Z,103.25.210.19,-33.8688,151.2093,AU
T100285,U043,4181966774569602,5000,APPROVED,2025-01-10T17:31:00Z,103.25.85.49,1.3521,103.8198,SG
T100286,U001,4175959888374840,200,DECLINED,2025-01-14T17:32:00Z,103.25.210.19,35.6895,139.6917,JP
T100287,U009,4539790670957684,1500,DECLINED,2025-01-27T09:18:00Z,103.25.5.217,1.3521,103.8198,SG
T100288,U027,4798440738947356,100,APPROVED,2024-12-20T05:19:00Z,103.25.128.250,51.5074,-0.1278,UK
T100289,U048,4205006583423736,100,DECLINED,2025-01-17T20:04:00Z,103.25.210.19,40.7128,-74.006,US
T100290,U003,4366733370117217,400,APPROVED,2025-01-14T13:39:00Z,103.25.169.130,-33.8688,151.2093,AU
T100291,U021,4539790722675550,1500,APPROVED,2025-01-16T07:25:00Z,103.25.146.40,28.6139,77.209,IN
T100292,U036,4051935252595755,1500,DECLINED,2025-01-04T18:48:00Z,103.25.7.237,25.2048,55.2708,AE
T100293,U031,4506132098000719,5000,DECLINED,2025-01-17T06:14:00Z,103.25.153.222,1.3521,103.8198,SG
T100294,U046,4619564727448964,50,APPROVED,2024-12-05T00:53:00Z,103.25.7.237,35.6895,139.6917,JP
T100295,U048,4205006583423736,5000,DECLINED,2025-01-08T00:51:00Z,103.25.40.144,43.6532,-79.3832,CA
T100296,U009,4539790670957684,10000,DECLINED,2024-12-27T01:51:00Z,103.25.85.49,35.6895,139.6917,JP
T100297,U033,4340687695756764,5000,APPROVED,2024-11-19T18:13:00Z,103.25.7.237,-33.8688,151.2093,AU
T100298,U019,4076757405958878,800,DECLINED,2025-01-31T00:17:00Z,103.25.7.237,43.6532,-79.3832,CA
T100299,U022,4184558821404666,10000,DECLINED,2024-12-25T10:29:00Z,103.25.199.37,35.6895,139.6917,JP
T100300,U042,4242283032023707,20,DECLINED,2025-02-12T05:15:00Z,103.25.69.8,51.5074,-0.1278,UK
T100301,U028,4564738488217210,20,APPROVED,2024-12-09T00:45:00Z,103.25.153.222,25.2048,55.2708,AE
T100302,U049,4590944761272304,5000,DECLINED,2024-12-03T21:04:00Z,103.25.7.237,51.5074,-0.1278,UK
T100303,U040,4550390080534426,800,APPROVED,2024-12-12T11:58:00Z,103.25.210.19,28.6139,77.209,IN
T100304,U001,4175959888374840,100,DECLINED,2025-01-24T05:05:00Z,103.25.119.180,1.3521,103.8198,SG
T100305,U039,4815501079858765,10000,APPROVED,2025-01-06T07:08:00Z,103.25.48.27,25.2048,55.2708,AE
T100306,U030,4052153612497166,7500,DECLINED,2024-11-25T22:47:00Z,103.25.5.217,25.2048,55.2708,AE
T100307,U043,4181966774569602,200,APPROVED,2025-01-03T04:39:00Z,103.25.7.237,-33.8688,151.2093,AU
T100308,U037,4364849359031879,400,DECLINED,2025-02-07T13:09:00Z,103.25.221.102,35.6895,139.6917,JP
T100309,U048,4205006583423736,20,APPROVED,2025-01-23T03:45:00Z,103.25.40.144,28.6139,77.209,IN
T100310,U036,4051935252595755,100,DECLINED,2024-12-15T07:27:00Z,103.25.85.49,40.7128,-74.006,US
T100311,U011,4654295713580010,50,DECLINED,2025-01-02T08:03:00Z,103.25.85.49,28.6139,77.209,IN
T100312,U046,4619564727448964,7500,APPROVED,2025-02-09T06:06:00Z,103.25.210.19,25.2048,55.2708,AE
T100313,U041,4697537059781160,7500,DECLINED,2025-01-05T19:23:00Z,103.25.169.130,25.2048,55.2708,AE
T100314,U027,4798440738947356,200,APPROVED,2024-12-28T08:46:00Z,103.25.85.49,51.5074,-0.1278,UK
T100315,U041,4697537059781160,200,APPROVED,2025-01-26T16:16:00Z,103.25.40.144,35.6895,139.6917,JP
T100316,U043,4181966774569602,400,DECLINED,2024-12-09T02:51:00Z,103.25.54.114,43.6532,-79.3832,CA
T100317,U017,4968872379444174,400,APPROVED,2024-12-16T06:26:00Z,103.25.48.27,1.3521,103.8198,SG
T100318,U009,4539790670957684,200,APPROVED,2025-01-11T17:44:00Z,103.25.7.237,28.6139,77.209,IN
T100319,U030,4052153612497166,5000,DECLINED,2025-01-27T00:02:00Z,103.25.69.8,43.6532,-79.3832,CA
T100320,U045,4810476985595924,10000,DECLINED,2025-01-06T18:08:00Z,103.25.69.8,25.2048,55.2708,AE
T100321,U031,4506132098000719,200,DECLINED,2025-01-07T11:59:00Z,103.25.210.19,-33.8688,151.2093,AU
T100322,U027,4798440738947356,800,APPROVED,2025-02-15T12:43:00Z,103.25.48.27,43.6532,-79.3832,CA
T100323,U015,4475012425495794,400,APPROVED,2025-01-13T14:46:00Z,103.25.69.8,28.6139,77.209,IN
T100324,U048,4205006583423736,10000,APPROVED,2025-01-06T15:27:00Z,103.25.153.222,28.6139,77.209,IN
T100325,U033,4340687695756764,200,APPROVED,2025-01-01T03:13:00Z,103.25.153.222,1.3521,103.8198,SG
T100326,U012,4427777155944133,50,APPROVED,2025-02-07T15:52:00Z,103.25.69.8,-33.8688,151.2093,AU
T100327,U037,4364849359031879,800,DECLINED,2025-02-10T05:38:00Z,103.25.221.102,-33.8688,151.2093,AU
T100328,U007,4478447589560231,400,APPROVED,2024-12-14T10:15:00Z,103.25.54.114,40.7128,-74.006,US
T100329,U002,4488447292387101,200,DECLINED,2025-01-30T15:46:00Z,103.25.5.217,43.6532,-79.3832,CA
T100330,U008,4120041677504770,400,DECLINED,2025-01-09T16:23:00Z,103.25.128.250,28.6139,77.209,IN
T100331,U036,4051935252595755,800,APPROVED,2025-01-30T10:47:00Z,103.25.119.180,35.6895,139.6917,JP
T100332,U011,4654295713580010,1500,APPROVED,2025-01-11T17:08:00Z,103.25.153.222,-33.8688,151.2093,AU
T100333,U050,4670568901956800,800,APPROVED,2025-01-25T04:35:00Z,103.25.69.8,28.6139,77.209,IN
T100334,U007,4478447589560231,50,APPROVED,2024-12-09T18:47:00Z,103.25.210.19,-33.8688,151.2093,AU
T100335,U032,4840776366963157,800,DECLINED,2025-01-08T20:06:00Z,103.25.54.114,40.7128,-74.006,US
T100336,U025,4377140791788260,200,DECLINED,2025-02-08T04:16:00Z,103.25.210.19,40.7128,-74.006,US
T100337,U028,4564738488217210,20,DECLINED,2024-12-11T16:02:00Z,103.25.48.27,43.6532,-79.3832,CA
T100338,U004,4515326900120741,50,DECLINED,2024-12-22T16:47:00Z,103.25.48.27,1.3521,103.8198,SG
T100339,U014,4610176326755020,20,DECLINED,2024-12-07T00:02:00Z,103.25.85.49,51.5074,-0.1278,UK
T100340,U012,4427777155944133,1500,DECLINED,2024-12-18T17:46:00Z,103.25.7.237,1.3521,103.8198,SG
T100341,U030,4052153612497166,50,DECLINED,2024-12-06T17:09:00Z,103.25.5.217,43.6532,-79.3832,CA
T100342,U004,4515326900120741,10000,DECLINED,2025-02-05T20:09:00Z,103.25.221.102,-33.8688,151.2093,AU
T100343,U030,4052153612497166,200,APPROVED,2025-01-23T14:55:00Z,103.25.69.8,-33.8688,151.2093,AU
T100344,U028,4564738488217210,10000,APPROVED,2024-12-12T03:59:00Z,103.25.85.49,28.6139,77.209,IN
T100345,U044,4295998851325494,400,APPROVED,2025-02-03T03:22:00Z,103.25.40.144,1.3521,103.8198,SG
T100346,U006,4664355604898943,400,APPROVED,2025-01-05T21:23:00Z,103.25.169.130,35.6895,139.6917,JP
T100347,U016,4178998680079906,100,APPROVED,2024-12-15T04:54:00Z,103.25.48.27,-33.8688,151.2093,AU
T100348,U012,4427777155944133,20,DECLINED,2025-01-07T01:41:00Z,103.25.85.49,35.6895,139.6917,JP
T100349,U031,4506132098000719,10000,DECLINED,2024-12-29T06:32:00Z,103.25.153.222,43.6532,-79.3832,CA
T100350,U032,4840776366963157,1500,DECLINED,2025-01-22T00:52:00Z,103.25.54.114,43.6532,-79.3832,CA
T100351,U010,4019215168167574,200,DECLINED,2025-01-23T07:42:00Z,103.25.153.222,-33.8688,151.2093,AU
T100352,U032,4840776366963157,200,APPROVED,2025-01-15T03:58:00Z,103.25.119.180,28.6139,77.209,IN
T100353,U035,4360173834839976,400,APPROVED,2024-12-22T03:15:00Z,103.25.153.222,43.6532,-79.3832,CA
T100354,U035,4360173834839976,7500,DECLINED,2024-12-26T03:30:00Z,103.25.169.130,-33.8688,151.2093,AU
T100355,U009,4539790670957684,7500,DECLINED,2025-02-02T20:41:00Z,103.25.5.217,40.7128,-74.006,US
T100356,U046,4619564727448964,3000,APPROVED,2024-11-23T08:29:00Z,103.25.48.27,1.3521,103.8198,SG
T100357,U027,4798440738947356,20,APPROVED,2024-12-21T23:42:00Z,103.25.128.250,1.3521,103.8198,SG
T100358,U012,4427777155944133,7500,DECLINED,2025-01-23T05:26:00Z,103.25.128.250,25.2048,55.2708,AE
T100359,U044,4295998851325494,800,DECLINED,2025-01-12T17:36:00Z,103.25.153.222,35.6895,139.6917,JP
T100360,U038,4332810388695264,50,DECLINED,2025-02-13T12:39:00Z,103.25.54.114,51.5074,-0.1278,UK
T100361,U039,4815501079858765,1500,DECLINED,2025-01-11T03:28:00Z,103.25.48.27,-33.8688,151.2093,AU
T100362,U031,4506132098000719,800,DECLINED,2024-11-19T22:12:00Z,103.25.199.37,43.6532,-79.3832,CA
T100363,U022,4184558821404666,200,APPROVED,2025-01-20T19:41:00Z,103.25.199.37,43.6532,-79.3832,CA
T100364,U022,4184558821404666,1500,APPROVED,2025-01-15T15:41:00Z,103.25.153.222,51.5074,-0.1278,UK
T100365,U036,4051935252595755,1500,APPROVED,2024-11-27T05:17:00Z,103.25.153.222,28.6139,77.209,IN
T100366,U047,4819022541148375,50,APPROVED,2024-12-13T21:13:00Z,103.25.169.130,51.5074,-0.1278,UK
T100367,U012,4427777155944133,3000,DECLINED,2024-11-24T08:02:00Z,103.25.199.37,35.6895,139.6917,JP
T100368,U010,4019215168167574,400,APPROVED,2025-02-05T03:19:00Z,103.25.7.237,25.2048,55.2708,AE
T100369,U041,4697537059781160,7500,DECLINED,2024-12-12T20:06:00Z,103.25.5.217,35.6895,139.6917,JP
T100370,U037,4364849359031879,400,APPROVED,2024-12-28T09:41:00Z,103.25.7.237,1.3521,103.8198,SG
T100371,U026,4597591669186023,200,DECLINED,2025-01-22T09:39:00Z,103.25.119.180,40.7128,-74.006,US
T100372,U029,4401542615062311,3000,DECLINED,2025-02-18T02:10:00Z,103.25.128.250,40.7128,-74.006,US
T100373,U021,4539790722675550,800,DECLINED,2024-12-29T08:20:00Z,103.25.48.27,35.6895,139.6917,JP
T100374,U002,4488447292387101,100,DECLINED,2024-12-16T15:04:00Z,103.25.40.144,28.6139,77.209,IN
T100375,U028,4564738488217210,1500,DECLINED,2024-11-28T04:05:00Z,103.25.5.217,28.6139,77.209,IN
T100376,U001,4175959888374840,7500,DECLINED,2025-02-02T17:03:00Z,103.25.7.237,43.6532,-79.3832,CA
T100377,U042,4242283032023707,5000,APPROVED,2025-02-12T10:09:00Z,103.25.40.144,-33.8688,151.2093,AU
T100378,U032,4840776366963157,5000,DECLINED,2025-01-11T06:35:00Z,103.25.85.49,25.2048,55.2708,AE
T100379,U017,4968872379444174,1500,APPROVED,2025-01-29T01:38:00Z,103.25.210.19,51.5074,-0.1278,UK
T100380,U037,4364849359031879,1500,DECLINED,2024-12-06T10:09:00Z,103.25.199.37,35.6895,139.6917,JP
T100381,U050,4670568901956800,50,APPROVED,2024-12-14T11:33:00Z,103.25.119.180,51.5074,-0.1278,UK
T100382,U028,4564738488217210,1500,DECLINED,2024-11-22T05:14:00Z,103.25.221.102,-33.8688,151.2093,AU
T100383,U034,4167851668553255,5000,APPROVED,2025-01-04T20:50:00Z,103.25.146.40,51.5074,-0.1278,UK
T100384,U026,4597591669186023,200,APPROVED,2025-01-02T21:17:00Z,103.25.153.222,40.7128,-74.006,US
T100385,U041,4697537059781160,20,DECLINED,2025-01-29T16:01:00Z,103.25.54.114,51.5074,-0.1278,UK
T100386,U022,4184558821404666,800,APPROVED,2024-12-05T16:20:00Z,103.25.5.217,43.6532,-79.3832,CA
T100387,U002,4488447292387101,20,APPROVED,2025-01-24T16:23:00Z,103.25.128.250,35.6895,139.6917,JP
T100388,U023,4014557409669569,7500,APPROVED,2024-12-03T12:14:00Z,103.25.119.180,1.3521,103.8198,SG
T100389,U006,4664355604898943,5000,APPROVED,2025-02-08T13:25:00Z,103.25.69.8,35.6895,139.6917,JP
T100390,U050,4670568901956800,7500,DECLINED,2025-02-11T02:21:00Z,103.25.221.102,1.3521,103.8198,SG
T100391,U040,4550390080534426,3000,DECLINED,2024-11-25T16:47:00Z,103.25.7.237,-33.8688,151.2093,AU
T100392,U017,4968872379444174,400,APPROVED,2024-12-31T00:41:00Z,103.25.199.37,40.7128,-74.006,US
T100393,U018,4813461910159710,7500,APPROVED,2024-12-27T12:51:00Z,103.25.48.27,28.6139,77.209,IN
T100394,U044,4295998851325494,10000,DECLINED,2024-11-21T17:48:00Z,103.25.153.222,51.5074,-0.1278,UK
T100395,U011,4654295713580010,1500,DECLINED,2025-02-12T08:57:00Z,103.25.119.180,28.6139,77.209,IN
T100396,U030,4052153612497166,200,DECLINED,2024-11-21T03:49:00Z,103.25.199.37,1.3521,103.8198,SG
T100397,U036,4051935252595755,10000,APPROVED,2025-01-31T15:02:00Z,103.25.5.217,1.3521,103.8198,SG
T100398,U046,4619564727448964,800,DECLINED,2024-11-24T17:25:00Z,103.25.146.40,43.6532,-79.3832,CA
T100399,U015,4475012425495794,3000,DECLINED,2024-11-29T22:28:00Z,103.25.169.130,35.6895,139.6917,JP
T100400,U028,4564738488217210,7500,DECLINED,2025-01-20T03:23:00Z,103.25.7.237,-33.8688,151.2093,AU
T100401,U038,4332810388695264,10000,DECLINED,2025-01-20T04:51:00Z,103.25.128.250,51.5074,-0.1278,UK
T100402,U050,4670568901956800,1500,APPROVED,2025-01-05T05:45:00Z,103.25.210.19,43.6532,-79.3832,CA
T100403,U026,4597591669186023,20,DECLINED,2024-12-24T08:22:00Z,103.25.199.37,35.6895,139.6917,JP
T100404,U047,4819022541148375,7500,DECLINED,2025-02-14T20:47:00Z,103.25.7.237,28.6139,77.209,IN
T100405,U039,4815501079858765,400,APPROVED,2024-12-14T04:53:00Z,103.25.54.114,35.6895,139.6917,JP
T100406,U046,4619564727448964,5000,APPROVED,2025-01-29T20:19:00Z,103.25.54.114,51.5074,-0.1278,UK
T100407,U041,4697537059781160,7500,DECLINED,2025-02-11T23:41:00Z,103.25.210.19,1.3521,103.8198,SG
T100408,U016,4178998680079906,100,DECLINED,2024-11-20T22:47:00Z,103.25.69.8,35.6895,139.6917,JP
T100409,U035,4360173834839976,3000,APPROVED,2025-01-07T19:29:00Z,103.25.69.8,51.5074,-0.1278,UK
T100410,U013,4201963422354037,3000,DECLINED,2025-02-07T13:04:00Z,103.25.221.102,1.3521,103.8198,SG
T100411,U033,4340687695756764,7500,APPROVED,2024-12-31T20:13:00Z,103.25.199.37,25.2048,55.2708,AE
T100412,U016,4178998680079906,10000,DECLINED,2024-12-28T11:24:00Z,103.25.128.250,51.5074,-0.1278,UK
T100413,U042,4242283032023707,50,APPROVED,2024-12-03T02:31:00Z,103.25.199.37,1.3521,103.8198,SG
T100414,U015,4475012425495794,20,DECLINED,2025-02-05T13:36:00Z,103.25.40.144,28.6139,77.209,IN
T100415,U040,4550390080534426,400,APPROVED,2024-12-14T02:16:00Z,103.25.48.27,-33.8688,151.2093,AU
T100416,U014,4610176326755020,400,APPROVED,2025-02-03T06:17:00Z,103.25.169.130,40.7128,-74.006,US
T100417,U025,4377140791788260,5000,APPROVED,2024-12-09T18:27:00Z,103.25.7.237,1.3521,103.8198,SG
T100418,U024,4548650786649554,800,DECLINED,2025-01-26T14:25:00Z,103.25.85.49,51.5074,-0.1278,UK
T100419,U005,4053600451708255,200,APPROVED,2024-12-20T20:33:00Z,103.25.40.144,1.3521,103.8198,SG
T100420,U027,4798440738947356,20,APPROVED,2025-01-17T06:48:00Z,103.25.153.222,25.2048,55.2708,AE
T100421,U042,4242283032023707,20,DECLINED,2024-11-26T06:51:00Z,103.25.85.49,25.2048,55.2708,AE
T100422,U012,4427777155944133,5000,DECLINED,2025-01-28T15:20:00Z,103.25.40.144,1.3521,103.8198,SG
T100423,U044,4295998851325494,100,APPROVED,2024-12-11T10:00:00Z,103.25.48.27,40.7128,-74.006,US
T100424,U005,4053600451708255,10000,APPROVED,2025-01-17T12:09:00Z,103.25.40.144,40.7128,-74.006,US
T100425,U044,4295998851325494,1500,APPROVED,2025-01-06T06:08:00Z,103.25.119.180,-33.8688,151.2093,AU
T100426,U046,4619564727448964,50,APPROVED,2025-02-08T18:34:00Z,103.25.48.27,35.6895,139.6917,JP
T100427,U005,4053600451708255,10000,DECLINED,2024-11-20T02:21:00Z,103.25.5.217,43.6532,-79.3832,CA
T100428,U048,4205006583423736,10000,APPROVED,2025-01-09T01:23:00Z,103.25.40.144,40.7128,-74.006,US
T100429,U050,4670568901956800,400,DECLINED,2025-01-22T00:07:00Z,103.25.210.19,51.5074,-0.1278,UK
T100430,U001,4175959888374840,3000,APPROVED,2025-01-16T16:16:00Z,103.25.54.114,28.6139,77.209,IN
T100431,U008,4120041677504770,400,APPROVED,2024-11-30T18:21:00Z,103.25.210.19,51.5074,-0.1278,UK
T100432,U049,4590944761272304,10000,APPROVED,2025-01-18T15:44:00Z,103.25.40.144,1.3521,103.8198,SG
T100433,U020,4246962095041311,200,DECLINED,2025-01-06T20:08:00Z,103.25.54.114,28.6139,77.209,IN
T100434,U006,4664355604898943,10000,APPROVED,2025-02-16T10:07:00Z,103.25.128.250,35.6895,139.6917,JP
T100435,U044,4295998851325494,100,APPROVED,2024-12-19T07:02:00Z,103.25.54.114,-33.8688,151.2093,AU
T100436,U036,4051935252595755,800,APPROVED,2024-12-31T11:55:00Z,103.25.199.37,28.6139,77.209,IN
T100437,U014,4610176326755020,7500,APPROVED,2024-12-12T21:10:00Z,103.25.153.222,40.7128,-74.006,US
T100438,U026,4597591669186023,3000,APPROVED,2025-01-11T07:12:00Z,103.25.48.27,43.6532,-79.3832,CA
T100439,U009,4539790670957684,5000,APPROVED,2025-01-23T21:53:00Z,103.25.5.217,28.6139,77.209,IN
T100440,U041,4697537059781160,10000,APPROVED,2024-12-13T08:22:00Z,103.25.119.180,35.6895,139.6917,JP
T100441,U013,4201963422354037,10000,APPROVED,2024-12-31T08:53:00Z,103.25.169.130,-33.8688,151.2093,AU
T100442,U042,4242283032023707,10000,APPROVED,2024-11-20T20:31:00Z,103.25.153.222,51.5074,-0.1278,UK
T100443,U040,4550390080534426,800,APPROVED,2024-11-21T04:49:00Z,103.25.54.114,1.3521,103.8198,SG
T100444,U037,4364849359031879,10000,APPROVED,2024-11-25T23:44:00Z,103.25.146.40,43.6532,-79.3832,CA
T100445,U043,4181966774569602,800,APPROVED,2025-02-13T14:59:00Z,103.25.221.102,40.7128,-74.006,US
T100446,U025,4377140791788260,100,DECLINED,2024-12-10T14:42:00Z,103.25.199.37,1.3521,103.8198,SG
T100447,U015,4475012425495794,10000,APPROVED,2024-12-22T16:43:00Z,103.25.169.130,25.2048,55.2708,AE
T100448,U013,4201963422354037,1500,APPROVED,2024-11-20T23:25:00Z,103.25.128.250,35.6895,139.6917,JP
T100449,U041,4697537059781160,5000,DECLINED,2024-11-27T10:22:00Z,103.25.119.180,35.6895,139.6917,JP
T100450,U020,4246962095041311,50,APPROVED,2024-11-22T13:42:00Z,103.25.128.250,40.7128,-74.006,US
T100451,U001,4175959888374840,100,DECLINED,2025-01-26T10:57:00Z,103.25.199.37,43.6532,-79.3832,CA
T100452,U036,4051935252595755,10000,DECLINED,2025-01-15T14:18:00Z,103.25.85.49,25.2048,55.2708,AE
T100453,U048,4205006583423736,400,DECLINED,2025-01-29T22:42:00Z,103.25.128.250,51.5074,-0.1278,UK
T100454,U047,4819022541148375,400,DECLINED,2025-01-15T08:26:00Z,103.25.85.49,28.6139,77.209,IN
T100455,U002,4488447292387101,7500,DECLINED,2025-01-01T00:17:00Z,103.25.169.130,51.5074,-0.1278,UK
T100456,U022,4184558821404666,5000,APPROVED,2025-01-16T11:51:00Z,103.25.48.27,1.3521,103.8198,SG
T100457,U006,4664355604898943,200,APPROVED,2024-11-20T10:25:00Z,103.25.169.130,1.3521,103.8198,SG
T100458,U014,4610176326755020,100,DECLINED,2024-11-19T17:41:00Z,103.25.210.19,28.6139,77.209,IN
T100459,U004,4515326900120741,5000,APPROVED,2024-11-25T20:57:00Z,103.25.48.27,1.3521,103.8198,SG
T100460,U040,4550390080534426,100,DECLINED,2025-02-07T05:16:00Z,103.25.153.222,25.2048,55.2708,AE
T100461,U008,4120041677504770,20,APPROVED,2025-01-16T14:30:00Z,103.25.48.27,35.6895,139.6917,JP
T100462,U020,4246962095041311,800,DECLINED,2024-12-15T11:35:00Z,103.25.54.114,35.6895,139.6917,JP
T100463,U005,4053600451708255,7500,APPROVED,2024-12-14T00:14:00Z,103.25.146.40,28.6139,77.209,IN
T100464,U050,4670568901956800,10000,DECLINED,2025-02-09T07:53:00Z,103.25.85.49,35.6895,139.6917,JP
T100465,U034,4167851668553255,50,DECLINED,2025-02-14T22:22:00Z,103.25.128.250,51.5074,-0.1278,UK
T100466,U041,4697537059781160,10000,DECLINED,2025-01-05T22:20:00Z,103.25.85.49,35.6895,139.6917,JP
T100467,U048,4205006583423736,800,DECLINED,2025-02-04T19:40:00Z,103.25.169.130,35.6895,139.6917,JP
T100468,U030,4052153612497166,1500,APPROVED,2025-01-03T21:28:00Z,103.25.119.180,43.6532,-79.3832,CA
T100469,U013,4201963422354037,7500,DECLINED,2025-01-29T09:54:00Z,103.25.169.130,51.5074,-0.1278,UK
T100470,U024,4548650786649554,5000,APPROVED,2025-02-11T20:57:00Z,103.25.210.19,-33.8688,151.2093,AU
T100471,U039,4815501079858765,20,APPROVED,2024-12-10T19:19:00Z,103.25.48.27,25.2048,55.2708,AE
T100472,U045,4810476985595924,50,APPROVED,2025-02-13T12:22:00Z,103.25.69.8,28.6139,77.209,IN
T100473,U046,4619564727448964,3000,DECLINED,2025-01-13T13:39:00Z,103.25.69.8,28.6139,77.209,IN
T100474,U019,4076757405958878,200,APPROVED,2025-01-26T02:36:00Z,103.25.199.37,40.7128,-74.006,US
T100475,U011,4654295713580010,400,APPROVED,2024-11-27T17:24:00Z,103.25.128.250,40.7128,-74.006,US
T100476,U047,4819022541148375,7500,DECLINED,2025-01-31T06:55:00Z,103.25.169.130,-33.8688,151.2093,AU
T100477,U043,4181966774569602,100,DECLINED,2024-11-24T02:56:00Z,103.25.5.217,35.6895,139.6917,JP
T100478,U017,4968872379444174,20,APPROVED,2025-01-18T10:15:00Z,103.25.5.217,25.2048,55.2708,AE
T100479,U019,4076757405958878,100,APPROVED,2024-12-08T06:34:00Z,103.25.40.144,1.3521,103.8198,SG
T100480,U047,4819022541148375,50,DECLINED,2024-11-21T15:11:00Z,103.25.40.144,1.3521,103.8198,SG
T100481,U044,4295998851325494,100,DECLINED,2025-01-12T18:28:00Z,103.25.153.222,25.2048,55.2708,AE
T100482,U009,4539790670957684,100,DECLINED,2025-01-05T00:23:00Z,103.25.5.217,35.6895,139.6917,JP
T100483,U044,4295998851325494,10000,DECLINED,2025-02-09T06:32:00Z,103.25.128.250,40.7128,-74.006,US
T100484,U042,4242283032023707,10000,APPROVED,2024-11-28T16:13:00Z,103.25.128.250,35.6895,139.6917,JP
T100485,U050,4670568901956800,50,APPROVED,2024-12-06T11:28:00Z,103.25.199.37,1.3521,103.8198,SG
T100486,U016,4178998680079906,800,DECLINED,2025-02-13T21:06:00Z,103.25.119.180,35.6895,139.6917,JP
T100487,U020,4246962095041311,1500,DECLINED,2025-01-09T08:15:00Z,103.25.5.217,28.6139,77.209,IN
T100488,U044,4295998851325494,100,DECLINED,2025-01-03T19:31:00Z,103.25.119.180,43.6532,-79.3832,CA
T100489,U031,4506132098000719,20,DECLINED,2025-01-11T13:27:00Z,103.25.69.8,51.5074,-0.1278,UK
T100490,U001,4175959888374840,400,APPROVED,2025-02-16T00:17:00Z,103.25.199.37,1.3521,103.8198,SG
T100491,U024,4548650786649554,5000,APPROVED,2024-12-24T00:04:00Z,103.25.48.27,1.3521,103.8198,SG
T100492,U042,4242283032023707,400,APPROVED,2025-01-29T16:19:00Z,103.25.85.49,25.2048,55.2708,AE
T100493,U048,4205006583423736,200,APPROVED,2024-12-15T22:41:00Z,103.25.69.8,43.6532,-79.3832,CA
T100494,U010,4019215168167574,400,DECLINED,2024-12-18T19:04:00Z,103.25.128.250,-33.8688,151.2093,AU
T100495,U028,4564738488217210,100,APPROVED,2025-01-07T18:08:00Z,103.25.199.37,35.6895,139.6917,JP
T100496,U032,4840776366963157,7500,APPROVED,2024-12-12T06:16:00Z,103.25.210.19,1.3521,103.8198,SG
T100497,U022,4184558821404666,200,DECLINED,2024-11-23T01:19:00Z,103.25.7.237,51.5074,-0.1278,UK
T100498,U019,4076757405958878,800,APPROVED,2024-12-28T00:33:00Z,103.25.69.8,35.6895,139.6917,JP
T100499,U029,4401542615062311,200,DECLINED,2025-01-02T15:23:00Z,103.25.7.237,35.6895,139.6917,JP
T100500,U019,4076757405958878,200,APPROVED,2025-02-12T14:18:00Z,103.25.54.114,28.6139,77.209,IN
T100501,U041,4697537059781160,7500,DECLINED,2025-02-12T00:41:00Z,103.25.85.49,28.6139,77.209,IN
T100502,U045,4810476985595924,400,DECLINED,2025-02-01T01:33:00Z,103.25.7.237,35.6895,139.6917,JP
T100503,U019,4076757405958878,10000,DECLINED,2024-12-25T08:14:00Z,103.25.146.40,1.3521,103.8198,SG
T100504,U028,4564738488217210,200,APPROVED,2025-01-08T15:12:00Z,103.25.146.40,-33.8688,151.2093,AU
T100505,U028,4564738488217210,200,DECLINED,2025-02-04T08:58:00Z,103.25.169.130,28.6139,77.209,IN
T100506,U028,4564738488217210,20,APPROVED,2024-12-06T08:27:00Z,103.25.221.102,1.3521,103.8198,SG
T100507,U013,4201963422354037,10000,APPROVED,2024-11-30T10:09:00Z,103.25.85.49,40.7128,-74.006,US
T100508,U021,4539790722675550,400,APPROVED,2024-12-04T08:34:00Z,103.25.153.222,-33.8688,151.2093,AU
T100509,U037,4364849359031879,5000,DECLINED,2025-01-19T05:58:00Z,103.25.40.144,-33.8688,151.2093,AU
T100510,U032,4840776366963157,3000,DECLINED,2025-01-13T03:13:00Z,103.25.85.49,1.3521,103.8198,SG
T100511,U041,4697537059781160,10000,APPROVED,2025-01-16T11:23:00Z,103.25.48.27,40.7128,-74.006,US
T100512,U001,4175959888374840,20,DECLINED,2025-01-30T14:11:00Z,103.25.221.102,25.2048,55.2708,AE
T100513,U044,4295998851325494,20,APPROVED,2025-01-23T05:04:00Z,103.25.221.102,43.6532,-79.3832,CA
T100514,U035,4360173834839976,100,APPROVED,2024-12-11T00:45:00Z,103.25.169.130,40.7128,-74.006,US
T100515,U047,4819022541148375,3000,DECLINED,2025-02-12T10:18:00Z,103.25.128.250,-33.8688,151.2093,AU
T100516,U019,4076757405958878,10000,DECLINED,2025-01-08T23:21:00Z,103.25.221.102,25.2048,55.2708,AE
T100517,U037,4364849359031879,1500,DECLINED,2024-12-25T05:37:00Z,103.25.119.180,40.7128,-74.006,US
T100518,U001,4175959888374840,20,APPROVED,2024-12-29T15:10:00Z,103.25.40.144,25.2048,55.2708,AE
T100519,U002,4488447292387101,50,APPROVED,2024-12-01T12:49:00Z,103.25.221.102,43.6532,-79.3832,CA
T100520,U020,4246962095041311,400,APPROVED,2025-02-07T18:13:00Z,103.25.169.130,40.7128,-74.006,US
T100521,U033,4340687695756764,1500,DECLINED,2024-12-28T10:37:00Z,103.25.128.250,25.2048,55.2708,AE
T100522,U047,4819022541148375,50,DECLINED,2024-12-10T16:19:00Z,103.25.153.222,1.3521,103.8198,SG
T100523,U012,4427777155944133,10000,APPROVED,2024-12-21T00:22:00Z,103.25.5.217,40.7128,-74.006,US
T100524,U013,4201963422354037,20,DECLINED,2025-02-05T14:23:00Z,103.25.54.114,28.6139,77.209,IN
T100525,U040,4550390080534426,10000,APPROVED,2025-02-14T01:27:00Z,103.25.5.217,51.5074,-0.1278,UK
T100526,U046,4619564727448964,20,APPROVED,2024-12-06T03:10:00Z,103.25.146.40,-33.8688,151.2093,AU
T100527,U025,4377140791788260,5000,APPROVED,2025-01-08T01:59:00Z,103.25.199.37,1.3521,103.8198,SG
T100528,U044,4295998851325494,5000,APPROVED,2025-01-10T03:02:00Z,103.25.199.37,-33.8688,151.2093,AU
T100529,U013,4201963422354037,20,APPROVED,2025-01-12T02:24:00Z,103.25.85.49,-33.8688,151.2093,AU
T100530,U012,4427777155944133,10000,APPROVED,2025-01-02T00:21:00Z,103.25.7.237,1.3521,103.8198,SG
T100531,U016,4178998680079906,400,DECLINED,2024-12-29T17:41:00Z,103.25.146.40,35.6895,139.6917,JP
T100532,U022,4184558821404666,800,DECLINED,2024-12-07T20:45:00Z,103.25.210.19,40.7128,-74.006,US
T100533,U011,4654295713580010,10000,DECLINED,2025-01-05T20:38:00Z,103.25.153.222,1.3521,103.8198,SG
T100534,U033,4340687695756764,1500,DECLINED,2025-01-18T14:14:00Z,103.25.153.222,-33.8688,151.2093,AU
T100535,U003,4366733370117217,400,APPROVED,2025-01-20T05:01:00Z,103.25.7.237,28.6139,77.209,IN
T100536,U038,4332810388695264,1500,APPROVED,2025-02-12T23:41:00Z,103.25.210.19,-33.8688,151.2093,AU
T100537,U007,4478447589560231,10000,APPROVED,2024-12-09T17:39:00Z,103.25.199.37,35.6895,139.6917,JP
T100538,U014,4610176326755020,7500,APPROVED,2024-11-21T07:27:00Z,103.25.85.49,-33.8688,151.2093,AU
T100539,U022,4184558821404666,7500,APPROVED,2024-12-19T14:09:00Z,103.25.210.19,40.7128,-74.006,US
T100540,U013,4201963422354037,10000,APPROVED,2025-02-10T14:59:00Z,103.25.146.40,-33.8688,151.2093,AU
T100541,U001,4175959888374840,3000,APPROVED,2025-01-03T15:42:00Z,103.25.85.49,35.6895,139.6917,JP
T100542,U019,4076757405958878,400,APPROVED,2024-12-29T04:00:00Z,103.25.146.40,35.6895,139.6917,JP
T100543,U020,4246962095041311,400,APPROVED,2024-12-19T07:27:00Z,103.25.169.130,43.6532,-79.3832,CA
T100544,U029,4401542615062311,3000,APPROVED,2025-02-15T08:36:00Z,103.25.199.37,1.3521,103.8198,SG
T100545,U009,4539790670957684,7500,DECLINED,2025-01-29T14:08:00Z,103.25.146.40,40.7128,-74.006,US
T100546,U036,4051935252595755,5000,DECLINED,2024-11-19T16:13:00Z,103.25.128.250,40.7128,-74.006,US
T100547,U048,4205006583423736,200,DECLINED,2024-11-23T23:51:00Z,103.25.119.180,25.2048,55.2708,AE
T100548,U013,4201963422354037,50,APPROVED,2025-01-24T20:27:00Z,103.25.221.102,40.7128,-74.006,US
T100549,U044,4295998851325494,5000,DECLINED,2025-02-15T13:46:00Z,103.25.48.27,43.6532,-79.3832,CA
T100550,U048,4205006583423736,200,APPROVED,2024-11-23T11:15:00Z,103.25.54.114,-33.8688,151.2093,AU
T100551,U034,4167851668553255,100,DECLINED,2024-12-06T11:09:00Z,103.25.85.49,51.5074,-0.1278,UK
T100552,U013,4201963422354037,800,DECLINED,2024-12-20T13:57:00Z,103.25.54.114,40.7128,-74.006,US
T100553,U023,4014557409669569,800,APPROVED,2025-01-30T14:51:00Z,103.25.128.250,35.6895,139.6917,JP
T100554,U026,4597591669186023,800,APPROVED,2025-02-02T20:03:00Z,103.25.5.217,51.5074,-0.1278,UK
T100555,U044,4295998851325494,800,APPROVED,2025-01-14T18:00:00Z,103.25.69.8,51.5074,-0.1278,UK
T100556,U022,4184558821404666,800,APPROVED,2025-02-09T19:20:00Z,103.25.119.180,1.3521,103.8198,SG
T100557,U027,4798440738947356,7500,APPROVED,2025-01-17T06:01:00Z,103.25.54.114,1.3521,103.8198,SG
T100558,U049,4590944761272304,10000,DECLINED,2025-01-28T20:41:00Z,103.25.69.8,35.6895,139.6917,JP
T100559,U015,4475012425495794,50,DECLINED,2024-12-21T00:56:00Z,103.25.119.180,25.2048,55.2708,AE
T100560,U011,4654295713580010,5000,DECLINED,2024-11-21T17:03:00Z,103.25.69.8,51.5074,-0.1278,UK
T100561,U034,4167851668553255,1500,APPROVED,2024-11-20T08:47:00Z,103.25.210.19,28.6139,77.209,IN
T100562,U008,4120041677504770,1500,APPROVED,2024-12-27T01:54:00Z,103.25.7.237,1.3521,103.8198,SG
T100563,U041,4697537059781160,7500,DECLINED,2025-02-13T20:59:00Z,103.25.5.217,43.6532,-79.3832,CA
T100564,U044,4295998851325494,100,DECLINED,2024-12-16T00:31:00Z,103.25.199.37,43.6532,-79.3832,CA
T100565,U043,4181966774569602,1500,DECLINED,2025-01-18T08:23:00Z,103.25.40.144,28.6139,77.209,IN
T100566,U016,4178998680079906,3000,APPROVED,2025-01-10T06:08:00Z,103.25.40.144,25.2048,55.2708,AE
T100567,U008,4120041677504770,5000,APPROVED,2024-11-27T18:48:00Z,103.25.169.130,43.6532,-79.3832,CA
T100568,U025,4377140791788260,200,APPROVED,2025-02-14T08:59:00Z,103.25.54.114,25.2048,55.2708,AE
T100569,U031,4506132098000719,7500,APPROVED,2024-12-21T12:26:00Z,103.25.221.102,-33.8688,151.2093,AU
T100570,U008,4120041677504770,10000,DECLINED,2024-11-29T14:53:00Z,103.25.54.114,40.7128,-74.006,US
T100571,U048,4205006583423736,7500,DECLINED,2024-11-26T13:42:00Z,103.25.146.40,35.6895,139.6917,JP
T100572,U020,4246962095041311,100,DECLINED,2025-01-01T05:37:00Z,103.25.221.102,35.6895,139.6917,JP
T100573,U033,4340687695756764,7500,DECLINED,2024-11-26T09:13:00Z,103.25.119.180,40.7128,-74.006,US
T100574,U031,4506132098000719,10000,DECLINED,2025-01-24T17:52:00Z,103.25.85.49,25.2048,55.2708,AE
T100575,U029,4401542615062311,3000,DECLINED,2025-01-07T13:10:00Z,103.25.54.114,35.6895,139.6917,JP
T100576,U022,4184558821404666,5000,APPROVED,2025-01-31T15:15:00Z,103.25.221.102,-33.8688,151.2093,AU
T100577,U031,4506132098000719,7500,DECLINED,2024-11-20T12:06:00Z,103.25.69.8,43.6532,-79.3832,CA
T100578,U044,4295998851325494,100,APPROVED,2024-12-05T14:27:00Z,103.25.54.114,28.6139,77.209,IN
T100579,U012,4427777155944133,5000,APPROVED,2024-11-23T19:02:00Z,103.25.40.144,25.2048,55.2708,AE
T100580,U031,4506132098000719,100,DECLINED,2024-12-29T20:04:00Z,103.25.54.114,35.6895,139.6917,JP
T100581,U006,4664355604898943,7500,DECLINED,2024-11-28T11:46:00Z,103.25.199.37,43.6532,-79.3832,CA
T100582,U010,4019215168167574,800,APPROVED,2025-01-08T16:13:00Z,103.25.54.114,51.5074,-0.1278,UK
T100583,U021,4539790722675550,20,APPROVED,2024-11-27T06:46:00Z,103.25.146.40,-33.8688,151.2093,AU
T100584,U020,4246962095041311,50,DECLINED,2024-12-30T11:19:00Z,103.25.40.144,40.7128,-74.006,US
T100585,U002,4488447292387101,3000,DECLINED,2024-11-27T11:03:00Z,103.25.153.222,35.6895,139.6917,JP
T100586,U026,4597591669186023,1500,DECLINED,2024-12-18T18:45:00Z,103.25.48.27,40.7128,-74.006,US
T100587,U029,4401542615062311,800,APPROVED,2025-02-18T06:09:00Z,103.25.153.222,28.6139,77.209,IN
T100588,U037,4364849359031879,1500,APPROVED,2025-01-01T04:16:00Z,103.25.153.222,35.6895,139.6917,JP
T100589,U024,4548650786649554,100,DECLINED,2025-01-23T09:10:00Z,103.25.128.250,40.7128,-74.006,US
T100590,U028,4564738488217210,100,APPROVED,2025-02-04T13:52:00Z,103.25.169.130,35.6895,139.6917,JP
T100591,U025,4377140791788260,20,DECLINED,2025-01-02T04:11:00Z,103.25.85.49,43.6532,-79.3832,CA
T100592,U012,4427777155944133,3000,DECLINED,2024-12-13T05:41:00Z,103.25.69.8,-33.8688,151.2093,AU
T100593,U005,4053600451708255,3000,APPROVED,2024-12-31T11:22:00Z,103.25.40.144,51.5074,-0.1278,UK
T100594,U017,4968872379444174,800,APPROVED,2025-01-31T22:19:00Z,103.25.199.37,25.2048,55.2708,AE
T100595,U045,4810476985595924,7500,APPROVED,2024-12-06T20:12:00Z,103.25.69.8,25.2048,55.2708,AE
T100596,U022,4184558821404666,100,APPROVED,2024-12-21T22:48:00Z,103.25.85.49,35.6895,139.6917,JP
T100597,U012,4427777155944133,7500,DECLINED,2024-12-05T08:25:00Z,103.25.153.222,28.6139,77.209,IN
T100598,U023,4014557409669569,200,DECLINED,2024-12-07T14:22:00Z,103.25.146.40,28.6139,77.209,IN
T100599,U048,4205006583423736,200,APPROVED,2025-02-18T06:21:00Z,103.25.146.40,28.6139,77.209,IN
T100600,U020,4246962095041311,100,APPROVED,2025-01-03T23:15:00Z,103.25.169.130,43.6532,-79.3832,CA
T100601,U020,4246962095041311,50,APPROVED,2025-01-04T13:25:00Z,103.25.221.102,40.7128,-74.006,US
T100602,U024,4548650786649554,5000,DECLINED,2025-02-10T10:28:00Z,103.25.153.222,-33.8688,151.2093,AU
T100603,U018,4813461910159710,50,APPROVED,2024-12-24T11:25:00Z,103.25.153.222,40.7128,-74.006,US
T100604,U034,4167851668553255,20,APPROVED,2024-12-06T10:56:00Z,103.25.210.19,40.7128,-74.006,US
T100605,U021,4539790722675550,200,APPROVED,2024-12-26T10:20:00Z,103.25.54.114,51.5074,-0.1278,UK
T100606,U024,4548650786649554,50,DECLINED,2024-12-16T01:53:00Z,103.25.48.27,43.6532,-79.3832,CA
T100607,U042,4242283032023707,5000,DECLINED,2024-11-23T03:15:00Z,103.25.128.250,43.6532,-79.3832,CA
T100608,U041,4697537059781160,100,APPROVED,2025-01-23T18:58:00Z,103.25.85.49,-33.8688,151.2093,AU
T100609,U045,4810476985595924,5000,DECLINED,2025-02-04T10:47:00Z,103.25.54.114,25.2048,55.2708,AE
T100610,U029,4401542615062311,100,DECLINED,2024-12-10T03:25:00Z,103.25.54.114,35.6895,139.6917,JP
T100611,U016,4178998680079906,400,DECLINED,2024-12-02T15:47:00Z,103.25.69.8,1.3521,103.8198,SG
T100612,U025,4377140791788260,1500,DECLINED,2025-01-31T09:25:00Z,103.25.85.49,51.5074,-0.1278,UK
T100613,U044,4295998851325494,400,APPROVED,2025-01-30T07:39:00Z,103.25.40.144,-33.8688,151.2093,AU
T100614,U010,4019215168167574,3000,DECLINED,2024-12-04T17:45:00Z,103.25.169.130,28.6139,77.209,IN
T100615,U046,4619564727448964,7500,APPROVED,2024-12-20T21:36:00Z,103.25.7.237,40.7128,-74.006,US
T100616,U040,4550390080534426,100,APPROVED,2024-12-02T20:28:00Z,103.25.146.40,35.6895,139.6917,JP
T100617,U009,4539790670957684,5000,APPROVED,2024-12-16T15:02:00Z,103.25.85.49,51.5074,-0.1278,UK
T100618,U005,4053600451708255,10000,APPROVED,2024-12-07T16:08:00Z,103.25.40.144,25.2048,55.2708,AE
T100619,U022,4184558821404666,1500,DECLINED,2025-01-16T10:21:00Z,103.25.146.40,51.5074,-0.1278,UK
T100620,U047,4819022541148375,100,APPROVED,2024-12-27T18:33:00Z,103.25.48.27,1.3521,103.8198,SG
T100621,U022,4184558821404666,3000,DECLINED,2025-01-28T16:37:00Z,103.25.40.144,28.6139,77.209,IN
T100622,U024,4548650786649554,1500,DECLINED,2025-01-04T20:34:00Z,103.25.7.237,1.3521,103.8198,SG
T100623,U008,4120041677504770,7500,APPROVED,2024-12-04T23:09:00Z,103.25.48.27,25.2048,55.2708,AE
T100624,U050,4670568901956800,200,DECLINED,2024-12-11T11:20:00Z,103.25.54.114,25.2048,55.2708,AE
T100625,U008,4120041677504770,3000,APPROVED,2024-12-19T23:49:00Z,103.25.5.217,1.3521,103.8198,SG
T100626,U005,4053600451708255,3000,DECLINED,2025-02-10T10:19:00Z,103.25.128.250,51.5074,-0.1278,UK
T100627,U007,4478447589560231,10000,DECLINED,2025-01-30T10:42:00Z,103.25.153.222,25.2048,55.2708,AE
T100628,U011,4654295713580010,100,APPROVED,2024-11-30T15:50:00Z,103.25.210.19,1.3521,103.8198,SG
T100629,U003,4366733370117217,200,APPROVED,2025-02-18T03:30:00Z,103.25.199.37,40.7128,-74.006,US
T100630,U042,4242283032023707,1500,DECLINED,2025-01-13T18:20:00Z,103.25.146.40,1.3521,103.8198,SG
T100631,U018,4813461910159710,10000,APPROVED,2025-02-13T15:53:00Z,103.25.119.180,35.6895,139.6917,JP
T100632,U046,4619564727448964,20,APPROVED,2025-01-27T10:48:00Z,103.25.69.8,35.6895,139.6917,JP
T100633,U009,4539790670957684,200,DECLINED,2025-02-17T13:12:00Z,103.25.5.217,43.6532,-79.3832,CA
T100634,U031,4506132098000719,800,APPROVED,2025-01-03T08:26:00Z,103.25.85.49,28.6139,77.209,IN
T100635,U036,4051935252595755,100,APPROVED,2024-11-24T04:26:00Z,103.25.7.237,25.2048,55.2708,AE
T100636,U049,4590944761272304,50,APPROVED,2025-01-17T16:52:00Z,103.25.128.250,25.2048,55.2708,AE
T100637,U018,4813461910159710,800,APPROVED,2024-11-29T11:54:00Z,103.25.146.40,1.3521,103.8198,SG
T100638,U046,4619564727448964,400,DECLINED,2025-01-24T22:33:00Z,103.25.146.40,1.3521,103.8198,SG
T100639,U002,4488447292387101,200,APPROVED,2024-12-23T11:45:00Z,103.25.210.19,25.2048,55.2708,AE
T100640,U017,4968872379444174,10000,APPROVED,2024-12-10T07:03:00Z,103.25.119.180,40.7128,-74.006,US
T100641,U020,4246962095041311,1500,APPROVED,2025-02-02T19:44:00Z,103.25.7.237,43.6532,-79.3832,CA
T100642,U028,4564738488217210,200,DECLINED,2025-01-17T12:19:00Z,103.25.169.130,28.6139,77.209,IN
T100643,U045,4810476985595924,10000,APPROVED,2025-01-01T02:41:00Z,103.25.54.114,51.5074,-0.1278,UK
T100644,U009,4539790670957684,800,APPROVED,2025-02-17T03:48:00Z,103.25.69.8,28.6139,77.209,IN
T100645,U018,4813461910159710,400,APPROVED,2024-12-13T04:22:00Z,103.25.146.40,25.2048,55.2708,AE
T100646,U023,4014557409669569,200,APPROVED,2025-02-01T18:01:00Z,103.25.153.222,43.6532,-79.3832,CA
T100647,U030,4052153612497166,200,APPROVED,2025-01-14T07:00:00Z,103.25.69.8,28.6139,77.209,IN
T100648,U011,4654295713580010,800,APPROVED,2024-12-26T02:29:00Z,103.25.146.40,35.6895,139.6917,JP
T100649,U037,4364849359031879,50,DECLINED,2025-02-06T07:27:00Z,103.25.85.49,40.7128,-74.006,US
T100650,U045,4810476985595924,100,DECLINED,2025-01-13T07:12:00Z,103.25.7.237,35.6895,139.6917,JP
T100651,U043,4181966774569602,100,DECLINED,2025-01-10T13:16:00Z,103.25.7.237,1.3521,103.8198,SG
T100652,U008,4120041677504770,20,APPROVED,2024-12-03T04:23:00Z,103.25.69.8,28.6139,77.209,IN
T100653,U005,4053600451708255,400,DECLINED,2025-01-26T03:50:00Z,103.25.48.27,25.2048,55.2708,AE
T100654,U009,4539790670957684,100,APPROVED,2025-01-20T13:59:00Z,103.25.54.114,35.6895,139.6917,JP
T100655,U023,4014557409669569,10000,DECLINED,2025-01-27T12:36:00Z,103.25.48.27,28.6139,77.209,IN
T100656,U003,4366733370117217,50,APPROVED,2024-11-28T16:12:00Z,103.25.221.102,40.7128,-74.006,US
T100657,U033,4340687695756764,400,APPROVED,2024-11-24T06:24:00Z,103.25.210.19,40.7128,-74.006,US
T100658,U012,4427777155944133,10000,APPROVED,2025-02-11T00:39:00Z,103.25.199.37,43.6532,-79.3832,CA
T100659,U034,4167851668553255,1500,APPROVED,2025-01-24T17:47:00Z,103.25.221.102,28.6139,77.209,IN
T100660,U030,4052153612497166,20,APPROVED,2025-01-27T13:48:00Z,103.25.221.102,51.5074,-0.1278,UK
T100661,U016,4178998680079906,400,DECLINED,2025-01-21T23:16:00Z,103.25.221.102,40.7128,-74.006,US
T100662,U039,4815501079858765,7500,APPROVED,2025-02-17T09:56:00Z,103.25.85.49,25.2048,55.2708,AE
T100663,U042,4242283032023707,10000,APPROVED,2025-01-15T00:54:00Z,103.25.40.144,43.6532,-79.3832,CA
T100664,U027,4798440738947356,200,APPROVED,2025-02-15T10:40:00Z,103.25.5.217,1.3521,103.8198,SG
T100665,U050,4670568901956800,5000,APPROVED,2025-02-09T03:39:00Z,103.25.153.222,35.6895,139.6917,JP
T100666,U034,4167851668553255,800,APPROVED,2024-12-23T00:17:00Z,103.25.169.130,35.6895,139.6917,JP
T100667,U027,4798440738947356,200,APPROVED,2025-01-22T01:51:00Z,103.25.48.27,28.6139,77.209,IN
T100668,U036,4051935252595755,1500,DECLINED,2025-02-14T05:28:00Z,103.25.153.222,25.2048,55.2708,AE
T100669,U041,4697537059781160,400,APPROVED,2024-11-25T08:33:00Z,103.25.85.49,25.2048,55.2708,AE
T100670,U008,4120041677504770,1500,DECLINED,2024-11-24T05:22:00Z,103.25.153.222,43.6532,-79.3832,CA
T100671,U028,4564738488217210,800,APPROVED,2025-01-30T23:51:00Z,103.25.153.222,35.6895,139.6917,JP
T100672,U046,4619564727448964,200,APPROVED,2024-12-14T14:09:00Z,103.25.48.27,35.6895,139.6917,JP
T100673,U042,4242283032023707,20,APPROVED,2025-01-19T19:58:00Z,103.25.128.250,28.6139,77.209,IN
T100674,U028,4564738488217210,20,APPROVED,2025-01-21T14:32:00Z,103.25.7.237,43.6532,-79.3832,CA
T100675,U024,4548650786649554,5000,APPROVED,2025-02-13T00:13:00Z,103.25.199.37,51.5074,-0.1278,UK
T100676,U002,4488447292387101,800,APPROVED,2024-12-31T21:33:00Z,103.25.169.130,35.6895,139.6917,JP
T100677,U029,4401542615062311,400,APPROVED,2025-01-16T12:38:00Z,103.25.69.8,-33.8688,151.2093,AU
T100678,U028,4564738488217210,10000,APPROVED,2025-02-12T14:39:00Z,103.25.128.250,25.2048,55.2708,AE
T100679,U028,4564738488217210,10000,DECLINED,2025-01-28T14:56:00Z,103.25.5.217,51.5074,-0.1278,UK
T100680,U034,4167851668553255,1500,APPROVED,2024-11-24T05:04:00Z,103.25.119.180,-33.8688,151.2093,AU
T100681,U011,4654295713580010,200,DECLINED,2025-01-15T12:34:00Z,103.25.69.8,51.5074,-0.1278,UK
T100682,U033,4340687695756764,3000,DECLINED,2024-12-31T17:15:00Z,103.25.146.40,28.6139,77.209,IN
T100683,U025,4377140791788260,10000,DECLINED,2025-01-28T20:50:00Z,103.25.210.19,25.2048,55.2708,AE
T100684,U033,4340687695756764,5000,APPROVED,2024-12-17T18:30:00Z,103.25.48.27,51.5074,-0.1278,UK
T100685,U035,4360173834839976,7500,DECLINED,2024-12-05T10:05:00Z,103.25.153.222,28.6139,77.209,IN
T100686,U012,4427777155944133,5000,DECLINED,2025-02-13T18:16:00Z,103.25.7.237,51.5074,-0.1278,UK
T100687,U015,4475012425495794,20,DECLINED,2025-01-12T05:26:00Z,103.25.169.130,43.6532,-79.3832,CA
T100688,U011,4654295713580010,7500,DECLINED,2025-01-06T09:52:00Z,103.25.199.37,51.5074,-0.1278,UK
T100689,U006,4664355604898943,100,APPROVED,2025-01-26T13:29:00Z,103.25.54.114,51.5074,-0.1278,UK
T100690,U045,4810476985595924,400,APPROVED,2024-12-03T11:54:00Z,103.25.54.114,1.3521,103.8198,SG
T100691,U032,4840776366963157,5000,DECLINED,2024-11-25T00:49:00Z,103.25.221.102,43.6532,-79.3832,CA
T100692,U029,4401542615062311,800,APPROVED,2025-01-07T17:46:00Z,103.25.210.19,1.3521,103.8198,SG
T100693,U006,4664355604898943,3000,APPROVED,2024-12-07T09:35:00Z,103.25.199.37,43.6532,-79.3832,CA
T100694,U042,4242283032023707,400,DECLINED,2025-01-20T03:18:00Z,103.25.85.49,51.5074,-0.1278,UK
T100695,U036,4051935252595755,20,APPROVED,2024-12-08T13:47:00Z,103.25.7.237,35.6895,139.6917,JP
T100696,U017,4968872379444174,400,DECLINED,2024-12-10T05:01:00Z,103.25.69.8,1.3521,103.8198,SG
T100697,U001,4175959888374840,20,APPROVED,2025-02-07T03:24:00Z,103.25.54.114,25.2048,55.2708,AE
T100698,U048,4205006583423736,20,DECLINED,2024-11-29T15:57:00Z,103.25.40.144,51.5074,-0.1278,UK
T100699,U050,4670568901956800,3000,DECLINED,2025-01-23T04:15:00Z,103.25.7.237,25.2048,55.2708,AE
T100700,U042,4242283032023707,7500,DECLINED,2024-12-17T09:14:00Z,103.25.69.8,1.3521,103.8198,SG
T100701,U001,4175959888374840,10000,DECLINED,2025-02-01T16:04:00Z,103.25.128.250,-33.8688,151.2093,AU
T100702,U002,4488447292387101,100,APPROVED,2024-12-18T18:36:00Z,103.25.69.8,25.2048,55.2708,AE
T100703,U036,4051935252595755,400,DECLINED,2024-12-21T23:17:00Z,103.25.119.180,-33.8688,151.2093,AU
T100704,U006,4664355604898943,7500,DECLINED,2024-11-24T23:27:00Z,103.25.146.40,51.5074,-0.1278,UK
T100705,U030,4052153612497166,10000,APPROVED,2024-12-04T03:15:00Z,103.25.210.19,1.3521,103.8198,SG
T100706,U019,4076757405958878,3000,DECLINED,2024-12-04T01:47:00Z,103.25.119.180,-33.8688,151.2093,AU
T100707,U012,4427777155944133,800,DECLINED,2024-12-18T03:03:00Z,103.25.40.144,-33.8688,151.2093,AU
T100708,U012,4427777155944133,5000,APPROVED,2025-01-14T15:39:00Z,103.25.153.222,-33.8688,151.2093,AU
T100709,U023,4014557409669569,800,DECLINED,2024-12-21T08:58:00Z,103.25.48.27,-33.8688,151.2093,AU
T100710,U034,4167851668553255,1500,DECLINED,2024-12-18T06:34:00Z,103.25.128.250,35.6895,139.6917,JP
T100711,U020,4246962095041311,200,DECLINED,2024-12-12T06:42:00Z,103.25.199.37,1.3521,103.8198,SG
T100712,U014,4610176326755020,100,DECLINED,2024-12-02T16:50:00Z,103.25.210.19,-33.8688,151.2093,AU
T100713,U007,4478447589560231,400,DECLINED,2025-01-23T05:38:00Z,103.25.119.180,28.6139,77.209,IN
T100714,U008,4120041677504770,1500,APPROVED,2024-12-03T17:54:00Z,103.25.85.49,35.6895,139.6917,JP
T100715,U035,4360173834839976,800,DECLINED,2024-12-02T14:28:00Z,103.25.119.180,35.6895,139.6917,JP
T100716,U035,4360173834839976,10000,DECLINED,2025-01-28T16:48:00Z,103.25.169.130,35.6895,139.6917,JP
T100717,U002,4488447292387101,7500,DECLINED,2024-12-17T12:00:00Z,103.25.119.180,51.5074,-0.1278,UK
T100718,U045,4810476985595924,50,APPROVED,2025-02-06T13:44:00Z,103.25.40.144,-33.8688,151.2093,AU
T100719,U033,4340687695756764,400,APPROVED,2024-12-05T01:10:00Z,103.25.169.130,25.2048,55.2708,AE
T100720,U050,4670568901956800,50,DECLINED,2024-12-25T04:21:00Z,103.25.128.250,51.5074,-0.1278,UK
T100721,U025,4377140791788260,10000,DECLINED,2024-12-09T21:47:00Z,103.25.7.237,28.6139,77.209,IN
T100722,U036,4051935252595755,10000,APPROVED,2024-12-14T22:38:00Z,103.25.119.180,1.3521,103.8198,SG
T100723,U041,4697537059781160,100,DECLINED,2025-01-27T20:54:00Z,103.25.128.250,40.7128,-74.006,US
T100724,U034,4167851668553255,3000,DECLINED,2024-12-11T04:05:00Z,103.25.153.222,28.6139,77.209,IN
T100725,U040,4550390080534426,10000,APPROVED,2025-02-02T19:09:00Z,103.25.48.27,51.5074,-0.1278,UK
T100726,U010,4019215168167574,200,APPROVED,2025-01-08T02:00:00Z,103.25.48.27,-33.8688,151.2093,AU
T100727,U022,4184558821404666,20,APPROVED,2024-12-09T16:55:00Z,103.25.7.237,40.7128,-74.006,US
T100728,U019,4076757405958878,50,APPROVED,2024-12-25T03:52:00Z,103.25.119.180,-33.8688,151.2093,AU
T100729,U040,4550390080534426,1500,APPROVED,2025-01-04T09:53:00Z,103.25.7.237,43.6532,-79.3832,CA
T100730,U038,4332810388695264,800,APPROVED,2025-01-18T22:19:00Z,103.25.210.19,1.3521,103.8198,SG
T100731,U006,4664355604898943,1500,DECLINED,2025-01-19T21:16:00Z,103.25.146.40,25.2048,55.2708,AE
T100732,U014,4610176326755020,200,DECLINED,2024-12-01T19:28:00Z,103.25.85.49,43.6532,-79.3832,CA
T100733,U050,4670568901956800,3000,APPROVED,2024-11-28T04:50:00Z,103.25.128.250,25.2048,55.2708,AE
T100734,U037,4364849359031879,10000,DECLINED,2024-12-15T06:46:00Z,103.25.7.237,28.6139,77.209,IN
T100735,U003,4366733370117217,800,DECLINED,2024-12-12T02:41:00Z,103.25.69.8,-33.8688,151.2093,AU
T100736,U033,4340687695756764,3000,APPROVED,2024-12-30T01:56:00Z,103.25.169.130,43.6532,-79.3832,CA
T100737,U004,4515326900120741,7500,DECLINED,2025-02-06T22:57:00Z,103.25.153.222,25.2048,55.2708,AE
T100738,U019,4076757405958878,3000,DECLINED,2024-12-11T18:43:00Z,103.25.221.102,28.6139,77.209,IN
T100739,U020,4246962095041311,100,DECLINED,2025-01-10T01:38:00Z,103.25.128.250,35.6895,139.6917,JP
T100740,U031,4506132098000719,1500,DECLINED,2025-01-12T17:38:00Z,103.25.69.8,40.7128,-74.006,US
T100741,U006,4664355604898943,7500,APPROVED,2025-01-26T07:57:00Z,103.25.128.250,1.3521,103.8198,SG
T100742,U005,4053600451708255,100,DECLINED,2025-02-04T08:49:00Z,103.25.5.217,51.5074,-0.1278,UK
T100743,U011,4654295713580010,200,DECLINED,2025-01-19T06:44:00Z,103.25.7.237,28.6139,77.209,IN
T100744,U010,4019215168167574,50,APPROVED,2025-01-30T17:31:00Z,103.25.40.144,51.5074,-0.1278,UK
T100745,U033,4340687695756764,100,APPROVED,2024-12-25T19:46:00Z,103.25.128.250,1.3521,103.8198,SG
T100746,U036,4051935252595755,20,APPROVED,2025-01-25T22:35:00Z,103.25.210.19,25.2048,55.2708,AE
T100747,U037,4364849359031879,1500,APPROVED,2025-02-18T08:05:00Z,103.25.54.114,25.2048,55.2708,AE
T100748,U015,4475012425495794,200,APPROVED,2024-11-26T14:36:00Z,103.25.169.130,25.2048,55.2708,AE
T100749,U027,4798440738947356,20,APPROVED,2025-02-11T16:06:00Z,103.25.48.27,-33.8688,151.2093,AU
T100750,U005,4053600451708255,20,DECLINED,2025-01-23T01:17:00Z,103.25.5.217,-33.8688,151.2093,AU
T100751,U001,4175959888374840,10000,DECLINED,2025-01-14T21:38:00Z,103.25.69.8,1.3521,103.8198,SG
T100752,U014,4610176326755020,200,DECLINED,2025-02-18T00:54:00Z,103.25.40.144,-33.8688,151.2093,AU
T100753,U029,4401542615062311,400,DECLINED,2024-12-23T11:25:00Z,103.25.153.222,35.6895,139.6917,JP
T100754,U019,4076757405958878,7500,DECLINED,2025-01-19T16:13:00Z,103.25.119.180,25.2048,55.2708,AE
T100755,U050,4670568901956800,50,DECLINED,2024-12-07T20:01:00Z,103.25.119.180,25.2048,55.2708,AE
T100756,U015,4475012425495794,100,APPROVED,2024-12-15T22:37:00Z,103.25.7.237,35.6895,139.6917,JP
T100757,U023,4014557409669569,20,APPROVED,2024-12-16T22:47:00Z,103.25.48.27,40.7128,-74.006,US
T100758,U016,4178998680079906,800,DECLINED,2025-02-17T14:38:00Z,103.25.128.250,25.2048,55.2708,AE
T100759,U014,4610176326755020,800,DECLINED,2025-01-16T21:22:00Z,103.25.85.49,40.7128,-74.006,US
T100760,U028,4564738488217210,5000,DECLINED,2025-01-26T20:30:00Z,103.25.48.27,51.5074,-0.1278,UK
T100761,U050,4670568901956800,100,DECLINED,2025-02-02T00:45:00Z,103.25.7.237,25.2048,55.2708,AE
T100762,U035,4360173834839976,5000,APPROVED,2024-12-02T12:46:00Z,103.25.48.27,-33.8688,151.2093,AU
T100763,U019,4076757405958878,3000,APPROVED,2025-02-04T15:10:00Z,103.25.221.102,51.5074,-0.1278,UK
T100764,U017,4968872379444174,7500,DECLINED,2024-12-16T18:00:00Z,103.25.199.37,51.5074,-0.1278,UK
T100765,U033,4340687695756764,1500,APPROVED,2025-01-01T03:50:00Z,103.25.85.49,-33.8688,151.2093,AU
T100766,U033,4340687695756764,200,DECLINED,2025-01-28T23:36:00Z,103.25.119.180,51.5074,-0.1278,UK
T100767,U036,4051935252595755,20,DECLINED,2024-12-25T10:01:00Z,103.25.85.49,43.6532,-79.3832,CA
T100768,U002,4488447292387101,3000,DECLINED,2025-01-10T04:01:00Z,103.25.48.27,43.6532,-79.3832,CA
T100769,U037,4364849359031879,20,APPROVED,2024-11-30T22:43:00Z,103.25.210.19,35.6895,139.6917,JP
T100770,U029,4401542615062311,1500,DECLINED,2024-12-15T04:37:00Z,103.25.199.37,-33.8688,151.2093,AU
T100771,U029,4401542615062311,7500,APPROVED,2025-02-08T16:48:00Z,103.25.40.144,28.6139,77.209,IN
T100772,U013,4201963422354037,200,APPROVED,2025-01-06T19:12:00Z,103.25.210.19,1.3521,103.8198,SG
T100773,U013,4201963422354037,7500,DECLINED,2025-02-03T04:00:00Z,103.25.128.250,28.6139,77.209,IN
T100774,U024,4548650786649554,1500,DECLINED,2025-02-17T10:48:00Z,103.25.85.49,35.6895,139.6917,JP
T100775,U033,4340687695756764,50,DECLINED,2025-01-24T18:37:00Z,103.25.210.19,25.2048,55.2708,AE
T100776,U018,4813461910159710,100,APPROVED,2024-11-30T17:13:00Z,103.25.69.8,40.7128,-74.006,US
T100777,U018,4813461910159710,200,DECLINED,2024-12-24T10:38:00Z,103.25.5.217,43.6532,-79.3832,CA
T100778,U005,4053600451708255,3000,APPROVED,2024-12-20T13:42:00Z,103.25.85.49,28.6139,77.209,IN
T100779,U045,4810476985595924,1500,DECLINED,2024-12-07T13:26:00Z,103.25.169.130,1.3521,103.8198,SG
T100780,U006,4664355604898943,50,APPROVED,2025-01-24T11:40:00Z,103.25.40.144,1.3521,103.8198,SG
T100781,U050,4670568901956800,200,APPROVED,2025-01-16T22:54:00Z,103.25.48.27,28.6139,77.209,IN
T100782,U026,4597591669186023,50,APPROVED,2024-12-11T08:56:00Z,103.25.5.217,51.5074,-0.1278,UK
T100783,U005,4053600451708255,20,APPROVED,2024-12-11T00:11:00Z,103.25.48.27,1.3521,103.8198,SG
T100784,U007,4478447589560231,10000,DECLINED,2025-01-03T08:32:00Z,103.25.7.237,51.5074,-0.1278,UK
T100785,U037,4364849359031879,3000,APPROVED,2024-11-21T06:14:00Z,103.25.40.144,43.6532,-79.3832,CA
T100786,U046,4619564727448964,1500,DECLINED,2025-02-03T04:34:00Z,103.25.40.144,35.6895,139.6917,JP
T100787,U012,4427777155944133,100,APPROVED,2024-12-13T07:52:00Z,103.25.199.37,25.2048,55.2708,AE
T100788,U017,4968872379444174,400,DECLINED,2024-11-26T18:31:00Z,103.25.169.130,1.3521,103.8198,SG
T100789,U037,4364849359031879,200,DECLINED,2024-12-26T08:51:00Z,103.25.7.237,51.5074,-0.1278,UK
T100790,U010,4019215168167574,100,APPROVED,2024-12-07T04:27:00Z,103.25.40.144,1.3521,103.8198,SG
T100791,U049,4590944761272304,1500,DECLINED,2025-01-20T06:15:00Z,103.25.85.49,35.6895,139.6917,JP
T100792,U004,4515326900120741,20,APPROVED,2024-11-25T03:23:00Z,103.25.85.49,35.6895,139.6917,JP
T100793,U030,4052153612497166,100,DECLINED,2024-12-11T02:49:00Z,103.25.69.8,51.5074,-0.1278,UK
T100794,U006,4664355604898943,20,DECLINED,2025-02-09T17:51:00Z,103.25.119.180,1.3521,103.8198,SG
T100795,U008,4120041677504770,50,APPROVED,2025-01-10T05:04:00Z,103.25.153.222,51.5074,-0.1278,UK
T100796,U040,4550390080534426,3000,DECLINED,2025-01-27T00:01:00Z,103.25.85.49,1.3521,103.8198,SG
T100797,U021,4539790722675550,7500,APPROVED,2024-12-08T22:18:00Z,103.25.85.49,28.6139,77.209,IN
T100798,U041,4697537059781160,50,APPROVED,2024-12-04T17:03:00Z,103.25.119.180,35.6895,139.6917,JP
T100799,U025,4377140791788260,800,DECLINED,2024-11-26T10:42:00Z,103.25.7.237,1.3521,103.8198,SG
T100800,U008,4120041677504770,10000,DECLINED,2025-02-06T11:56:00Z,103.25.153.222,51.5074,-0.1278,UK
T100801,U004,4515326900120741,3000,APPROVED,2024-12-09T09:41:00Z,103.25.169.130,28.6139,77.209,IN
T100802,U003,4366733370117217,50,DECLINED,2025-01-19T13:22:00Z,103.25.7.237,28.6139,77.209,IN
T100803,U021,4539790722675550,800,DECLINED,2024-12-10T08:25:00Z,103.25.199.37,51.5074,-0.1278,UK
T100804,U032,4840776366963157,50,APPROVED,2025-01-12T22:07:00Z,103.25.85.49,40.7128,-74.006,US
T100805,U032,4840776366963157,800,DECLINED,2025-01-20T22:13:00Z,103.25.48.27,43.6532,-79.3832,CA
T100806,U007,4478447589560231,20,DECLINED,2025-02-10T07:36:00Z,103.25.153.222,25.2048,55.2708,AE
T100807,U048,4205006583423736,10000,APPROVED,2024-11-19T22:14:00Z,103.25.169.130,28.6139,77.209,IN
T100808,U006,4664355604898943,800,DECLINED,2024-12-26T00:41:00Z,103.25.128.250,28.6139,77.209,IN
T100809,U032,4840776366963157,20,DECLINED,2025-01-07T07:49:00Z,103.25.128.250,43.6532,-79.3832,CA
T100810,U043,4181966774569602,5000,APPROVED,2024-11-22T02:06:00Z,103.25.85.49,51.5074,-0.1278,UK
T100811,U039,4815501079858765,10000,DECLINED,2025-01-14T00:23:00Z,103.25.69.8,40.7128,-74.006,US
T100812,U003,4366733370117217,50,DECLINED,2024-11-24T14:49:00Z,103.25.48.27,25.2048,55.2708,AE
T100813,U025,4377140791788260,7500,DECLINED,2025-01-19T20:54:00Z,103.25.54.114,40.7128,-74.006,US
T100814,U049,4590944761272304,7500,APPROVED,2024-12-18T14:39:00Z,103.25.54.114,1.3521,103.8198,SG
T100815,U002,4488447292387101,1500,DECLINED,2024-11-24T10:44:00Z,103.25.128.250,43.6532,-79.3832,CA
T100816,U012,4427777155944133,50,DECLINED,2025-01-26T12:45:00Z,103.25.5.217,25.2048,55.2708,AE
T100817,U008,4120041677504770,5000,DECLINED,2024-12-13T21:31:00Z,103.25.54.114,51.5074,-0.1278,UK
T100818,U050,4670568901956800,20,APPROVED,2025-01-27T15:33:00Z,103.25.5.217,28.6139,77.209,IN
T100819,U027,4798440738947356,3000,DECLINED,2024-12-01T20:57:00Z,103.25.40.144,-33.8688,151.2093,AU
T100820,U044,4295998851325494,200,APPROVED,2024-12-05T07:02:00Z,103.25.221.102,28.6139,77.209,IN
T100821,U029,4401542615062311,20,DECLINED,2024-11-20T05:16:00Z,103.25.5.217,43.6532,-79.3832,CA
T100822,U015,4475012425495794,20,APPROVED,2024-12-14T15:53:00Z,103.25.7.237,43.6532,-79.3832,CA
T100823,U008,4120041677504770,3000,DECLINED,2025-02-13T22:00:00Z,103.25.221.102,51.5074,-0.1278,UK
T100824,U026,4597591669186023,10000,DECLINED,2025-01-23T05:20:00Z,103.25.146.40,28.6139,77.209,IN
T100825,U035,4360173834839976,20,APPROVED,2024-11-30T21:53:00Z,103.25.85.49,28.6139,77.209,IN
T100826,U026,4597591669186023,3000,APPROVED,2025-01-18T01:01:00Z,103.25.119.180,35.6895,139.6917,JP
T100827,U025,4377140791788260,20,APPROVED,2025-01-15T23:21:00Z,103.25.119.180,43.6532,-79.3832,CA
T100828,U050,4670568901956800,20,DECLINED,2025-01-18T07:49:00Z,103.25.54.114,35.6895,139.6917,JP
T100829,U022,4184558821404666,10000,APPROVED,2025-01-03T00:43:00Z,103.25.128.250,51.5074,-0.1278,UK
T100830,U011,4654295713580010,10000,APPROVED,2024-11-19T11:09:00Z,103.25.7.237,28.6139,77.209,IN
T100831,U034,4167851668553255,1500,APPROVED,2024-11-25T13:19:00Z,103.25.146.40,-33.8688,151.2093,AU
T100832,U039,4815501079858765,3000,APPROVED,2025-02-02T02:33:00Z,103.25.69.8,43.6532,-79.3832,CA
T100833,U036,4051935252595755,1500,APPROVED,2025-02-06T13:36:00Z,103.25.40.144,43.6532,-79.3832,CA
T100834,U044,4295998851325494,3000,DECLINED,2024-12-05T11:38:00Z,103.25.199.37,40.7128,-74.006,US
T100835,U039,4815501079858765,200,APPROVED,2025-02-01T08:39:00Z,103.25.69.8,35.6895,139.6917,JP
T100836,U022,4184558821404666,7500,APPROVED,2024-12-05T11:39:00Z,103.25.221.102,1.3521,103.8198,SG
T100837,U011,4654295713580010,800,APPROVED,2024-12-04T08:04:00Z,103.25.5.217,51.5074,-0.1278,UK
T100838,U014,4610176326755020,20,DECLINED,2024-11-21T05:44:00Z,103.25.210.19,43.6532,-79.3832,CA
T100839,U010,4019215168167574,7500,DECLINED,2025-01-18T21:43:00Z,103.25.54.114,1.3521,103.8198,SG
T100840,U015,4475012425495794,3000,DECLINED,2025-01-08T05:51:00Z,103.25.85.49,-33.8688,151.2093,AU
T100841,U035,4360173834839976,200,DECLINED,2024-12-04T16:06:00Z,103.25.221.102,28.6139,77.209,IN
T100842,U033,4340687695756764,3000,DECLINED,2025-02-09T02:10:00Z,103.25.48.27,25.2048,55.2708,AE
T100843,U040,4550390080534426,20,APPROVED,2024-12-04T10:15:00Z,103.25.146.40,28.6139,77.209,IN
T100844,U027,4798440738947356,100,APPROVED,2025-02-05T23:35:00Z,103.25.69.8,1.3521,103.8198,SG
T100845,U045,4810476985595924,800,DECLINED,2025-02-16T15:10:00Z,103.25.54.114,25.2048,55.2708,AE
T100846,U032,4840776366963157,20,APPROVED,2024-12-28T05:47:00Z,103.25.69.8,51.5074,-0.1278,UK
T100847,U019,4076757405958878,20,APPROVED,2024-11-28T20:58:00Z,103.25.40.144,28.6139,77.209,IN
T100848,U002,4488447292387101,3000,DECLINED,2025-01-10T16:06:00Z,103.25.146.40,1.3521,103.8198,SG
T100849,U037,4364849359031879,800,DECLINED,2024-12-17T04:47:00Z,103.25.54.114,40.7128,-74.006,US
T100850,U010,4019215168167574,200,DECLINED,2024-11-27T09:02:00Z,103.25.7.237,43.6532,-79.3832,CA
T100851,U002,4488447292387101,3000,APPROVED,2025-02-16T07:08:00Z,103.25.40.144,25.2048,55.2708,AE
T100852,U032,4840776366963157,50,APPROVED,2024-12-13T22:54:00Z,103.25.128.250,35.6895,139.6917,JP
T100853,U004,4515326900120741,100,APPROVED,2025-02-04T12:38:00Z,103.25.69.8,1.3521,103.8198,SG
T100854,U021,4539790722675550,50,DECLINED,2025-01-28T07:23:00Z,103.25.54.114,25.2048,55.2708,AE
T100855,U032,4840776366963157,200,DECLINED,2025-01-20T18:17:00Z,103.25.7.237,28.6139,77.209,IN
T100856,U045,4810476985595924,7500,DECLINED,2024-12-28T19:23:00Z,103.25.40.144,43.6532,-79.3832,CA
T100857,U034,4167851668553255,1500,APPROVED,2025-01-07T06:59:00Z,103.25.7.237,51.5074,-0.1278,UK
T100858,U005,4053600451708255,1500,DECLINED,2024-11-25T06:13:00Z,103.25.48.27,51.5074,-0.1278,UK
T100859,U019,4076757405958878,5000,DECLINED,2025-01-28T18:18:00Z,103.25.7.237,40.7128,-74.006,US
T100860,U046,4619564727448964,7500,APPROVED,2025-02-05T00:44:00Z,103.25.48.27,43.6532,-79.3832,CA
T100861,U012,4427777155944133,3000,APPROVED,2024-11-22T14:42:00Z,103.25.128.250,35.6895,139.6917,JP
T100862,U046,4619564727448964,10000,APPROVED,2024-12-19T13:43:00Z,103.25.69.8,25.2048,55.2708,AE
T100863,U028,4564738488217210,200,DECLINED,2025-02-12T10:47:00Z,103.25.199.37,1.3521,103.8198,SG
T100864,U032,4840776366963157,100,DECLINED,2025-01-23T07:14:00Z,103.25.69.8,25.2048,55.2708,AE
T100865,U039,4815501079858765,400,DECLINED,2024-12-01T23:18:00Z,103.25.169.130,40.7128,-74.006,US
T100866,U033,4340687695756764,10000,APPROVED,2024-12-18T23:52:00Z,103.25.221.102,51.5074,-0.1278,UK
T100867,U023,4014557409669569,10000,APPROVED,2025-02-14T04:21:00Z,103.25.199.37,1.3521,103.8198,SG
T100868,U037,4364849359031879,400,APPROVED,2025-01-21T08:32:00Z,103.25.146.40,-33.8688,151.2093,AU
T100869,U002,4488447292387101,800,DECLINED,2025-02-13T01:47:00Z,103.25.153.222,-33.8688,151.2093,AU
T100870,U002,4488447292387101,400,DECLINED,2025-01-26T15:43:00Z,103.25.5.217,35.6895,139.6917,JP
T100871,U043,4181966774569602,200,APPROVED,2025-01-29T18:13:00Z,103.25.85.49,-33.8688,151.2093,AU
T100872,U037,4364849359031879,20,APPROVED,2024-12-04T11:50:00Z,103.25.221.102,25.2048,55.2708,AE
T100873,U042,4242283032023707,7500,DECLINED,2024-12-09T16:57:00Z,103.25.119.180,43.6532,-79.3832,CA
T100874,U031,4506132098000719,3000,APPROVED,2025-01-15T23:26:00Z,103.25.48.27,43.6532,-79.3832,CA
T100875,U036,4051935252595755,3000,DECLINED,2025-01-06T20:46:00Z,103.25.146.40,28.6139,77.209,IN
T100876,U027,4798440738947356,50,DECLINED,2025-01-04T22:59:00Z,103.25.40.144,1.3521,103.8198,SG
T100877,U006,4664355604898943,400,DECLINED,2024-11-23T22:29:00Z,103.25.169.130,35.6895,139.6917,JP
T100878,U014,4610176326755020,7500,DECLINED,2024-12-11T04:07:00Z,103.25.7.237,35.6895,139.6917,JP
T100879,U031,4506132098000719,10000,DECLINED,2025-01-09T19:38:00Z,103.25.210.19,51.5074,-0.1278,UK
T100880,U043,4181966774569602,100,APPROVED,2025-01-24T01:16:00Z,103.25.54.114,-33.8688,151.2093,AU
T100881,U033,4340687695756764,1500,DECLINED,2025-02-18T00:43:00Z,103.25.199.37,40.7128,-74.006,US
T100882,U045,4810476985595924,7500,DECLINED,2025-01-27T01:11:00Z,103.25.54.114,51.5074,-0.1278,UK
T100883,U030,4052153612497166,20,APPROVED,2025-01-31T03:55:00Z,103.25.119.180,35.6895,139.6917,JP
T100884,U040,4550390080534426,20,APPROVED,2024-12-20T04:41:00Z,103.25.146.40,35.6895,139.6917,JP
T100885,U030,4052153612497166,800,DECLINED,2025-02-05T12:57:00Z,103.25.169.130,40.7128,-74.006,US
T100886,U020,4246962095041311,50,APPROVED,2024-11-20T16:14:00Z,103.25.221.102,40.7128,-74.006,US
T100887,U020,4246962095041311,50,DECLINED,2025-02-14T13:15:00Z,103.25.5.217,51.5074,-0.1278,UK
T100888,U036,4051935252595755,800,DECLINED,2024-11-27T03:59:00Z,103.25.146.40,25.2048,55.2708,AE
T100889,U019,4076757405958878,100,APPROVED,2024-12-26T20:49:00Z,103.25.221.102,28.6139,77.209,IN
T100890,U003,4366733370117217,800,DECLINED,2025-01-19T10:52:00Z,103.25.85.49,-33.8688,151.2093,AU
T100891,U007,4478447589560231,20,DECLINED,2025-01-24T16:23:00Z,103.25.5.217,28.6139,77.209,IN
T100892,U049,4590944761272304,1500,APPROVED,2025-01-02T08:57:00Z,103.25.153.222,51.5074,-0.1278,UK
T100893,U032,4840776366963157,20,DECLINED,2025-01-04T05:25:00Z,103.25.210.19,40.7128,-74.006,US
T100894,U029,4401542615062311,5000,DECLINED,2025-02-05T16:56:00Z,103.25.199.37,-33.8688,151.2093,AU
T100895,U047,4819022541148375,10000,DECLINED,2024-12-15T12:52:00Z,103.25.221.102,25.2048,55.2708,AE
T100896,U003,4366733370117217,10000,DECLINED,2024-12-28T09:28:00Z,103.25.40.144,-33.8688,151.2093,AU
T100897,U016,4178998680079906,20,APPROVED,2025-01-25T11:27:00Z,103.25.48.27,40.7128,-74.006,US
T100898,U035,4360173834839976,3000,DECLINED,2025-01-09T10:52:00Z,103.25.146.40,1.3521,103.8198,SG
T100899,U010,4019215168167574,400,APPROVED,2025-01-21T07:38:00Z,103.25.210.19,51.5074,-0.1278,UK
T100900,U050,4670568901956800,50,DECLINED,2024-12-26T22:23:00Z,103.25.153.222,1.3521,103.8198,SG
T100901,U024,4548650786649554,100,APPROVED,2025-02-15T23:12:00Z,103.25.128.250,-33.8688,151.2093,AU
T100902,U032,4840776366963157,5000,APPROVED,2025-02-04T08:34:00Z,103.25.128.250,35.6895,139.6917,JP
T100903,U003,4366733370117217,20,APPROVED,2025-02-09T10:47:00Z,103.25.199.37,25.2048,55.2708,AE
T100904,U005,4053600451708255,50,DECLINED,2025-01-14T22:51:00Z,103.25.69.8,25.2048,55.2708,AE
T100905,U006,4664355604898943,20,APPROVED,2024-12-27T06:24:00Z,103.25.199.37,-33.8688,151.2093,AU
T100906,U013,4201963422354037,200,APPROVED,2025-01-31T00:56:00Z,103.25.48.27,51.5074,-0.1278,UK
T100907,U045,4810476985595924,200,APPROVED,2025-01-15T14:08:00Z,103.25.69.8,28.6139,77.209,IN
T100908,U022,4184558821404666,50,DECLINED,2025-01-11T11:40:00Z,103.25.128.250,51.5074,-0.1278,UK
T100909,U030,4052153612497166,10000,DECLINED,2025-01-28T20:59:00Z,103.25.169.130,43.6532,-79.3832,CA
T100910,U033,4340687695756764,1500,APPROVED,2025-01-06T17:12:00Z,103.25.7.237,51.5074,-0.1278,UK
T100911,U014,4610176326755020,1500,DECLINED,2024-12-22T14:27:00Z,103.25.221.102,40.7128,-74.006,US
T100912,U042,4242283032023707,1500,APPROVED,2024-12-25T21:29:00Z,103.25.199.37,1.3521,103.8198,SG
T100913,U035,4360173834839976,20,DECLINED,2024-12-14T04:00:00Z,103.25.153.222,43.6532,-79.3832,CA
T100914,U005,4053600451708255,7500,DECLINED,2025-02-17T20:38:00Z,103.25.48.27,28.6139,77.209,IN
T100915,U018,4813461910159710,50,APPROVED,2025-01-27T05:18:00Z,103.25.146.40,35.6895,139.6917,JP
T100916,U016,4178998680079906,200,APPROVED,2024-12-09T08:20:00Z,103.25.199.37,40.7128,-74.006,US
T100917,U043,4181966774569602,400,DECLINED,2025-01-22T00:51:00Z,103.25.119.180,1.3521,103.8198,SG
T100918,U022,4184558821404666,100,APPROVED,2024-12-08T22:33:00Z,103.25.40.144,-33.8688,151.2093,AU
T100919,U031,4506132098000719,10000,APPROVED,2025-02-07T11:51:00Z,103.25.128.250,1.3521,103.8198,SG
T100920,U037,4364849359031879,10000,DECLINED,2024-12-04T00:19:00Z,103.25.7.237,35.6895,139.6917,JP
T100921,U018,4813461910159710,200,DECLINED,2025-01-09T05:49:00Z,103.25.69.8,51.5074,-0.1278,UK
T100922,U010,4019215168167574,400,APPROVED,2025-01-06T16:08:00Z,103.25.7.237,1.3521,103.8198,SG
T100923,U002,4488447292387101,50,DECLINED,2025-01-02T21:15:00Z,103.25.128.250,51.5074,-0.1278,UK
T100924,U016,4178998680079906,10000,DECLINED,2024-12-06T21:48:00Z,103.25.199.37,-33.8688,151.2093,AU
T100925,U033,4340687695756764,800,APPROVED,2024-12-06T10:36:00Z,103.25.119.180,28.6139,77.209,IN
T100926,U015,4475012425495794,3000,APPROVED,2024-12-19T09:24:00Z,103.25.128.250,51.5074,-0.1278,UK
T100927,U027,4798440738947356,3000,APPROVED,2024-11-28T02:54:00Z,103.25.119.180,35.6895,139.6917,JP
T100928,U024,4548650786649554,50,APPROVED,2025-01-13T04:53:00Z,103.25.54.114,51.5074,-0.1278,UK
T100929,U003,4366733370117217,200,APPROVED,2025-01-02T13:57:00Z,103.25.69.8,43.6532,-79.3832,CA
T100930,U020,4246962095041311,7500,DECLINED,2024-12-01T15:10:00Z,103.25.119.180,25.2048,55.2708,AE
T100931,U049,4590944761272304,10000,APPROVED,2025-01-23T22:27:00Z,103.25.40.144,1.3521,103.8198,SG
T100932,U016,4178998680079906,200,DECLINED,2025-01-03T08:52:00Z,103.25.153.222,51.5074,-0.1278,UK
T100933,U050,4670568901956800,5000,DECLINED,2024-11-21T14:06:00Z,103.25.85.49,35.6895,139.6917,JP
T100934,U043,4181966774569602,3000,APPROVED,2024-11-25T14:39:00Z,103.25.153.222,35.6895,139.6917,JP
T100935,U027,4798440738947356,7500,APPROVED,2024-12-10T00:21:00Z,103.25.48.27,40.7128,-74.006,US
T100936,U030,4052153612497166,200,APPROVED,2024-11-23T21:55:00Z,103.25.85.49,-33.8688,151.2093,AU
T100937,U004,4515326900120741,1500,APPROVED,2024-12-20T21:03:00Z,103.25.169.130,40.7128,-74.006,US
T100938,U023,4014557409669569,800,APPROVED,2025-02-05T18:01:00Z,103.25.54.114,51.5074,-0.1278,UK
T100939,U041,4697537059781160,20,APPROVED,2025-01-18T14:23:00Z,103.25.128.250,1.3521,103.8198,SG
T100940,U048,4205006583423736,50,APPROVED,2024-12-30T01:44:00Z,103.25.48.27,25.2048,55.2708,AE
T100941,U038,4332810388695264,7500,APPROVED,2025-01-01T19:55:00Z,103.25.119.180,-33.8688,151.2093,AU
T100942,U015,4475012425495794,800,APPROVED,2024-11-21T09:46:00Z,103.25.153.222,40.7128,-74.006,US
T100943,U008,4120041677504770,10000,DECLINED,2025-01-10T22:43:00Z,103.25.169.130,40.7128,-74.006,US
T100944,U025,4377140791788260,10000,APPROVED,2025-01-14T03:27:00Z,103.25.128.250,43.6532,-79.3832,CA
T100945,U029,4401542615062311,7500,APPROVED,2024-12-20T08:08:00Z,103.25.169.130,28.6139,77.209,IN
T100946,U032,4840776366963157,200,DECLINED,2024-11-20T17:10:00Z,103.25.85.49,40.7128,-74.006,US
T100947,U020,4246962095041311,50,APPROVED,2024-11-24T08:43:00Z,103.25.7.237,35.6895,139.6917,JP
T100948,U008,4120041677504770,100,APPROVED,2025-02-08T17:18:00Z,103.25.153.222,1.3521,103.8198,SG
T100949,U050,4670568901956800,800,APPROVED,2025-01-06T16:29:00Z,103.25.153.222,25.2048,55.2708,AE
T100950,U011,4654295713580010,50,DECLINED,2025-01-12T16:32:00Z,103.25.221.102,28.6139,77.209,IN
T100951,U048,4205006583423736,5000,DECLINED,2025-02-14T17:33:00Z,103.25.48.27,28.6139,77.209,IN
T100952,U024,4548650786649554,800,DECLINED,2024-12-27T04:59:00Z,103.25.199.37,40.7128,-74.006,US
T100953,U014,4610176326755020,200,DECLINED,2025-02-02T16:25:00Z,103.25.7.237,25.2048,55.2708,AE
T100954,U039,4815501079858765,100,APPROVED,2024-11-26T08:42:00Z,103.25.146.40,28.6139,77.209,IN
T100955,U028,4564738488217210,7500,APPROVED,2025-01-07T14:54:00Z,103.25.69.8,40.7128,-74.006,US
T100956,U019,4076757405958878,20,APPROVED,2024-12-21T06:30:00Z,103.25.199.37,25.2048,55.2708,AE
T100957,U004,4515326900120741,10000,DECLINED,2024-12-04T02:16:00Z,103.25.119.180,35.6895,139.6917,JP
T100958,U002,4488447292387101,7500,DECLINED,2024-11-27T05:47:00Z,103.25.210.19,43.6532,-79.3832,CA
T100959,U029,4401542615062311,200,DECLINED,2025-01-14T00:49:00Z,103.25.119.180,25.2048,55.2708,AE
T100960,U036,4051935252595755,200,APPROVED,2025-02-18T05:17:00Z,103.25.146.40,25.2048,55.2708,AE
T100961,U019,4076757405958878,800,DECLINED,2025-01-01T05:30:00Z,103.25.69.8,28.6139,77.209,IN
T100962,U041,4697537059781160,100,DECLINED,2024-12-05T06:13:00Z,103.25.119.180,35.6895,139.6917,JP
T100963,U011,4654295713580010,1500,DECLINED,2025-01-27T03:36:00Z,103.25.221.102,51.5074,-0.1278,UK
T100964,U031,4506132098000719,100,APPROVED,2024-12-29T10:39:00Z,103.25.153.222,25.2048,55.2708,AE
T100965,U040,4550390080534426,10000,APPROVED,2025-02-15T04:11:00Z,103.25.169.130,25.2048,55.2708,AE
T100966,U037,4364849359031879,5000,DECLINED,2025-01-17T22:43:00Z,103.25.169.130,28.6139,77.209,IN
T100967,U041,4697537059781160,5000,DECLINED,2024-12-28T18:57:00Z,103.25.54.114,25.2048,55.2708,AE
T100968,U004,4515326900120741,1500,DECLINED,2025-01-25T04:48:00Z,103.25.85.49,35.6895,139.6917,JP
T100969,U029,4401542615062311,200,DECLINED,2024-12-18T08:07:00Z,103.25.146.40,40.7128,-74.006,US
T100970,U044,4295998851325494,50,DECLINED,2024-12-11T08:02:00Z,103.25.128.250,28.6139,77.209,IN
T100971,U012,4427777155944133,800,DECLINED,2025-01-30T03:22:00Z,103.25.221.102,43.6532,-79.3832,CA
T100972,U008,4120041677504770,20,APPROVED,2024-12-13T10:22:00Z,103.25.54.114,-33.8688,151.2093,AU
T100973,U005,4053600451708255,5000,DECLINED,2025-02-16T06:08:00Z,103.25.210.19,1.3521,103.8198,SG
T100974,U009,4539790670957684,400,DECLINED,2025-02-12T06:53:00Z,103.25.54.114,28.6139,77.209,IN
T100975,U017,4968872379444174,5000,APPROVED,2025-02-11T11:50:00Z,103.25.169.130,28.6139,77.209,IN
T100976,U041,4697537059781160,100,APPROVED,2025-01-31T13:44:00Z,103.25.199.37,43.6532,-79.3832,CA
T100977,U038,4332810388695264,5000,DECLINED,2025-02-16T08:22:00Z,103.25.153.222,28.6139,77.209,IN
T100978,U030,4052153612497166,400,APPROVED,2024-12-29T14:52:00Z,103.25.146.40,35.6895,139.6917,JP
T100979,U035,4360173834839976,800,DECLINED,2025-01-29T17:15:00Z,103.25.40.144,43.6532,-79.3832,CA
T100980,U038,4332810388695264,10000,DECLINED,2025-01-12T17:34:00Z,103.25.54.114,51.5074,-0.1278,UK
T100981,U002,4488447292387101,800,APPROVED,2025-02-07T23:18:00Z,103.25.7.237,25.2048,55.2708,AE
T100982,U037,4364849359031879,100,DECLINED,2025-02-09T21:36:00Z,103.25.5.217,40.7128,-74.006,US
T100983,U045,4810476985595924,100,DECLINED,2025-02-02T18:03:00Z,103.25.40.144,25.2048,55.2708,AE
T100984,U005,4053600451708255,5000,APPROVED,2024-12-21T19:51:00Z,103.25.210.19,-33.8688,151.2093,AU
T100985,U011,4654295713580010,200,APPROVED,2024-12-10T06:41:00Z,103.25.169.130,1.3521,103.8198,SG
T100986,U050,4670568901956800,400,DECLINED,2024-12-07T10:39:00Z,103.25.128.250,35.6895,139.6917,JP
T100987,U018,4813461910159710,200,DECLINED,2024-12-03T13:34:00Z,103.25.146.40,25.2048,55.2708,AE
T100988,U037,4364849359031879,3000,APPROVED,2024-11-23T15:53:00Z,103.25.7.237,28.6139,77.209,IN
T100989,U023,4014557409669569,7500,APPROVED,2025-02-04T13:18:00Z,103.25.210.19,35.6895,139.6917,JP
T100990,U050,4670568901956800,50,DECLINED,2024-11-27T15:20:00Z,103.25.40.144,28.6139,77.209,IN
T100991,U049,4590944761272304,20,DECLINED,2024-12-17T09:39:00Z,103.25.7.237,25.2048,55.2708,AE
T100992,U041,4697537059781160,400,APPROVED,2025-01-12T15:11:00Z,103.25.169.130,43.6532,-79.3832,CA
T100993,U026,4597591669186023,7500,APPROVED,2025-01-25T05:31:00Z,103.25.40.144,1.3521,103.8198,SG
T100994,U014,4610176326755020,3000,APPROVED,2025-01-19T18:45:00Z,103.25.221.102,-33.8688,151.2093,AU
T100995,U012,4427777155944133,100,APPROVED,2024-12-26T04:05:00Z,103.25.54.114,1.3521,103.8198,SG
T100996,U006,4664355604898943,200,DECLINED,2024-12-31T01:12:00Z,103.25.85.49,40.7128,-74.006,US
T100997,U041,4697537059781160,1500,APPROVED,2024-12-18T07:46:00Z,103.25.128.250,40.7128,-74.006,US
T100998,U023,4014557409669569,3000,DECLINED,2024-12-20T23:17:00Z,103.25.5.217,35.6895,139.6917,JP
T100999,U021,4539790722675550,50,APPROVED,2024-12-31T00:31:00Z,103.25.85.49,1.3521,103.8198,SG
